This is XeTeX, Version 3.141592653-2.6-0.999998 (TeX Live 2026) (preloaded format=xelatex 2026.5.15)  22 MAY 2026 09:08
entering extended mode
 restricted \write18 enabled.
 %&-line parsing enabled.
**MBP-ALC.tex
(./MBP-ALC.tex
LaTeX2e <2025-11-01>
L3 programming layer <2026-04-28>
(c:/Users/STALYN/AppData/Roaming/TinyTeX/texmf-dist/tex/latex/base/book.cls
Document Class: book 2025/01/22 v1.4n Standard LaTeX document class
(c:/Users/STALYN/AppData/Roaming/TinyTeX/texmf-dist/tex/latex/base/bk10.clo
File: bk10.clo 2025/01/22 v1.4n Standard LaTeX file (size option)
)
\c@part=\count272
\c@chapter=\count273
\c@section=\count274
\c@subsection=\count275
\c@subsubsection=\count276
\c@paragraph=\count277
\c@subparagraph=\count278
\c@figure=\count279
\c@table=\count280
\abovecaptionskip=\skip49
\belowcaptionskip=\skip50
\bibindent=\dimen150
) (c:/Users/STALYN/AppData/Roaming/TinyTeX/texmf-dist/tex/latex/xcolor/xcolor.sty
Package: xcolor 2024/09/29 v3.02 LaTeX color extensions (UK)
(c:/Users/STALYN/AppData/Roaming/TinyTeX/texmf-dist/tex/latex/graphics-cfg/color.cfg
File: color.cfg 2016/01/02 v1.6 sample color configuration
)
Package xcolor Info: Driver file: xetex.def on input line 274.
(c:/Users/STALYN/AppData/Roaming/TinyTeX/texmf-dist/tex/latex/graphics-def/xetex.def
File: xetex.def 2025/11/01 v5.0p Graphics/color driver for xetex
) (c:/Users/STALYN/AppData/Roaming/TinyTeX/texmf-dist/tex/latex/graphics/mathcolor.ltx)
Package xcolor Info: Model `cmy' substituted by `cmy0' on input line 1349.
Package xcolor Info: Model `RGB' extended on input line 1365.
Package xcolor Info: Model `HTML' substituted by `rgb' on input line 1367.
Package xcolor Info: Model `Hsb' substituted by `hsb' on input line 1368.
Package xcolor Info: Model `tHsb' substituted by `hsb' on input line 1369.
Package xcolor Info: Model `HSB' substituted by `hsb' on input line 1370.
Package xcolor Info: Model `Gray' substituted by `gray' on input line 1371.
Package xcolor Info: Model `wave' substituted by `hsb' on input line 1372.
) (c:/Users/STALYN/AppData/Roaming/TinyTeX/texmf-dist/tex/latex/graphics/dvipsnam.def
File: dvipsnam.def 2016/06/17 v3.0m Driver-dependent file (DPC,SPQR)
) (c:/Users/STALYN/AppData/Roaming/TinyTeX/texmf-dist/tex/latex/xcolor/svgnam.def
File: svgnam.def 2024/09/29 v3.02 Predefined colors according to SVG 1.1 (UK)
) (c:/Users/STALYN/AppData/Roaming/TinyTeX/texmf-dist/tex/latex/xcolor/x11nam.def
File: x11nam.def 2024/09/29 v3.02 Predefined colors according to Unix/X11 (UK)
) (c:/Users/STALYN/AppData/Roaming/TinyTeX/texmf-dist/tex/latex/amsmath/amsmath.sty
Package: amsmath 2025/07/09 v2.17z AMS math features
\@mathmargin=\skip51
For additional information on amsmath, use the `?' option.
(c:/Users/STALYN/AppData/Roaming/TinyTeX/texmf-dist/tex/latex/amsmath/amstext.sty
Package: amstext 2024/11/17 v2.01 AMS text
(c:/Users/STALYN/AppData/Roaming/TinyTeX/texmf-dist/tex/latex/amsmath/amsgen.sty
File: amsgen.sty 1999/11/30 v2.0 generic functions
\@emptytoks=\toks17
\ex@=\dimen151
)) (c:/Users/STALYN/AppData/Roaming/TinyTeX/texmf-dist/tex/latex/amsmath/amsbsy.sty
Package: amsbsy 1999/11/29 v1.2d Bold Symbols
\pmbraise@=\dimen152
) (c:/Users/STALYN/AppData/Roaming/TinyTeX/texmf-dist/tex/latex/amsmath/amsopn.sty
Package: amsopn 2022/04/08 v2.04 operator names
)
\inf@bad=\count281
LaTeX Info: Redefining \frac on input line 233.
\uproot@=\count282
\leftroot@=\count283
LaTeX Info: Redefining \overline on input line 398.
LaTeX Info: Redefining \colon on input line 409.
\classnum@=\count284
\DOTSCASE@=\count285
LaTeX Info: Redefining \ldots on input line 495.
LaTeX Info: Redefining \dots on input line 498.
LaTeX Info: Redefining \cdots on input line 619.
\Mathstrutbox@=\box53
\strutbox@=\box54
LaTeX Info: Redefining \big on input line 721.
LaTeX Info: Redefining \Big on input line 722.
LaTeX Info: Redefining \bigg on input line 723.
LaTeX Info: Redefining \Bigg on input line 724.
\big@size=\dimen153
LaTeX Font Info:    Redeclaring font encoding OML on input line 742.
LaTeX Font Info:    Redeclaring font encoding OMS on input line 743.
\macc@depth=\count286
LaTeX Info: Redefining \bmod on input line 904.
LaTeX Info: Redefining \pmod on input line 909.
LaTeX Info: Redefining \smash on input line 939.
LaTeX Info: Redefining \relbar on input line 969.
LaTeX Info: Redefining \Relbar on input line 970.
\c@MaxMatrixCols=\count287
\dotsspace@=\muskip17
\c@parentequation=\count288
\dspbrk@lvl=\count289
\tag@help=\toks18
\row@=\count290
\column@=\count291
\maxfields@=\count292
\andhelp@=\toks19
\eqnshift@=\dimen154
\alignsep@=\dimen155
\tagshift@=\dimen156
\tagwidth@=\dimen157
\totwidth@=\dimen158
\lineht@=\dimen159
\@envbody=\toks20
\multlinegap=\skip52
\multlinetaggap=\skip53
\mathdisplay@stack=\toks21
LaTeX Info: Redefining \[ on input line 2950.
LaTeX Info: Redefining \] on input line 2951.
) (c:/Users/STALYN/AppData/Roaming/TinyTeX/texmf-dist/tex/latex/amsfonts/amssymb.sty
Package: amssymb 2013/01/14 v3.01 AMS font symbols
(c:/Users/STALYN/AppData/Roaming/TinyTeX/texmf-dist/tex/latex/amsfonts/amsfonts.sty
Package: amsfonts 2013/01/14 v3.01 Basic AMSFonts support
\symAMSa=\mathgroup4
\symAMSb=\mathgroup5
LaTeX Font Info:    Redeclaring math symbol \hbar on input line 98.
LaTeX Font Info:    Overwriting math alphabet `\mathfrak' in version `bold'
(Font)                  U/euf/m/n --> U/euf/b/n on input line 106.
)) (c:/Users/STALYN/AppData/Roaming/TinyTeX/texmf-dist/tex/generic/iftex/iftex.sty
Package: iftex 2024/12/12 v1.0g TeX engine tests
) (c:/Users/STALYN/AppData/Roaming/TinyTeX/texmf-dist/tex/latex/unicode-math/unicode-math.sty (c:/Users/STALYN/AppData/Roaming/TinyTeX/texmf-dist/tex/latex/l3kernel/expl3.sty
Package: expl3 2026-04-28 L3 programming layer (loader) 
(c:/Users/STALYN/AppData/Roaming/TinyTeX/texmf-dist/tex/latex/l3backend/l3backend-xetex.def
File: l3backend-xetex.def 2026-02-18 L3 backend support: XeTeX
\g__graphics_track_int=\count293
\g__pdfannot_backend_int=\count294
\g__pdfannot_backend_link_int=\count295
))
Package: unicode-math 2023/08/13 v0.8r Unicode maths in XeLaTeX and LuaLaTeX
(c:/Users/STALYN/AppData/Roaming/TinyTeX/texmf-dist/tex/latex/unicode-math/unicode-math-xetex.sty
Package: unicode-math-xetex 2023/08/13 v0.8r Unicode maths in XeLaTeX and LuaLaTeX
(c:/Users/STALYN/AppData/Roaming/TinyTeX/texmf-dist/tex/latex/l3packages/xparse/xparse.sty
Package: xparse 2025-10-09 L3 Experimental document command parser
) (c:/Users/STALYN/AppData/Roaming/TinyTeX/texmf-dist/tex/latex/l3packages/l3keys2e/l3keys2e.sty
Package: l3keys2e 2025-10-09 LaTeX2e option processing using LaTeX3 keys
) (c:/Users/STALYN/AppData/Roaming/TinyTeX/texmf-dist/tex/latex/fontspec/fontspec.sty
Package: fontspec 2025/09/29 v2.9g Font selection for XeLaTeX and LuaLaTeX
(c:/Users/STALYN/AppData/Roaming/TinyTeX/texmf-dist/tex/latex/fontspec/fontspec-xetex.sty
Package: fontspec-xetex 2025/09/29 v2.9g Font selection for XeLaTeX and LuaLaTeX
\l__fontspec_script_int=\count296
\l__fontspec_language_int=\count297
\l__fontspec_strnum_int=\count298
\l__fontspec_tmp_int=\count299
\l__fontspec_tmpa_int=\count300
\l__fontspec_tmpb_int=\count301
\l__fontspec_tmpc_int=\count302
\l__fontspec_em_int=\count303
\l__fontspec_emdef_int=\count304
\l__fontspec_strong_int=\count305
\l__fontspec_strongdef_int=\count306
\l__fontspec_tmpa_dim=\dimen160
\l__fontspec_tmpb_dim=\dimen161
\l__fontspec_tmpc_dim=\dimen162
(c:/Users/STALYN/AppData/Roaming/TinyTeX/texmf-dist/tex/latex/base/fontenc.sty
Package: fontenc 2025/07/18 v2.1d Standard LaTeX package
) (c:/Users/STALYN/AppData/Roaming/TinyTeX/texmf-dist/tex/latex/fontspec/fontspec.cfg))) (c:/Users/STALYN/AppData/Roaming/TinyTeX/texmf-dist/tex/latex/base/fix-cm.sty
Package: fix-cm 2020/11/24 v1.1t fixes to LaTeX
(c:/Users/STALYN/AppData/Roaming/TinyTeX/texmf-dist/tex/latex/base/ts1enc.def
File: ts1enc.def 2001/06/05 v3.0e (jk/car/fm) Standard LaTeX file
LaTeX Font Info:    Redeclaring font encoding TS1 on input line 47.
LaTeX Encoding Info:    Redeclaring text command \capitalcedilla (encoding TS1) on input line 49.
LaTeX Encoding Info:    Redeclaring text command \capitalogonek (encoding TS1) on input line 52.
LaTeX Encoding Info:    Redeclaring text command \capitalgrave (encoding TS1) on input line 55.
LaTeX Encoding Info:    Redeclaring text command \capitalacute (encoding TS1) on input line 56.
LaTeX Encoding Info:    Redeclaring text command \capitalcircumflex (encoding TS1) on input line 57.
LaTeX Encoding Info:    Redeclaring text command \capitaltilde (encoding TS1) on input line 58.
LaTeX Encoding Info:    Redeclaring text command \capitaldieresis (encoding TS1) on input line 59.
LaTeX Encoding Info:    Redeclaring text command \capitalhungarumlaut (encoding TS1) on input line 60.
LaTeX Encoding Info:    Redeclaring text command \capitalring (encoding TS1) on input line 61.
LaTeX Encoding Info:    Redeclaring text command \capitalcaron (encoding TS1) on input line 62.
LaTeX Encoding Info:    Redeclaring text command \capitalbreve (encoding TS1) on input line 63.
LaTeX Encoding Info:    Redeclaring text command \capitalmacron (encoding TS1) on input line 64.
LaTeX Encoding Info:    Redeclaring text command \capitaldotaccent (encoding TS1) on input line 65.
LaTeX Encoding Info:    Redeclaring text command \t (encoding TS1) on input line 66.
LaTeX Encoding Info:    Redeclaring text command \capitaltie (encoding TS1) on input line 67.
LaTeX Encoding Info:    Redeclaring text command \newtie (encoding TS1) on input line 68.
LaTeX Encoding Info:    Redeclaring text command \capitalnewtie (encoding TS1) on input line 69.
LaTeX Encoding Info:    Redeclaring text symbol \textcapitalcompwordmark (encoding TS1) on input line 70.
LaTeX Encoding Info:    Redeclaring text symbol \textascendercompwordmark (encoding TS1) on input line 71.
LaTeX Encoding Info:    Redeclaring text symbol \textquotestraightbase (encoding TS1) on input line 72.
LaTeX Encoding Info:    Redeclaring text symbol \textquotestraightdblbase (encoding TS1) on input line 73.
LaTeX Encoding Info:    Redeclaring text symbol \texttwelveudash (encoding TS1) on input line 74.
LaTeX Encoding Info:    Redeclaring text symbol \textthreequartersemdash (encoding TS1) on input line 75.
LaTeX Encoding Info:    Redeclaring text symbol \textleftarrow (encoding TS1) on input line 76.
LaTeX Encoding Info:    Redeclaring text symbol \textrightarrow (encoding TS1) on input line 77.
LaTeX Encoding Info:    Redeclaring text symbol \textblank (encoding TS1) on input line 78.
LaTeX Encoding Info:    Redeclaring text symbol \textdollar (encoding TS1) on input line 79.
LaTeX Encoding Info:    Redeclaring text symbol \textquotesingle (encoding TS1) on input line 80.
LaTeX Encoding Info:    Redeclaring text command \textasteriskcentered (encoding TS1) on input line 81.
LaTeX Encoding Info:    Redeclaring text symbol \textdblhyphen (encoding TS1) on input line 92.
LaTeX Encoding Info:    Redeclaring text symbol \textfractionsolidus (encoding TS1) on input line 93.
LaTeX Encoding Info:    Redeclaring text symbol \textzerooldstyle (encoding TS1) on input line 94.
LaTeX Encoding Info:    Redeclaring text symbol \textoneoldstyle (encoding TS1) on input line 95.
LaTeX Encoding Info:    Redeclaring text symbol \texttwooldstyle (encoding TS1) on input line 96.
LaTeX Encoding Info:    Redeclaring text symbol \textthreeoldstyle (encoding TS1) on input line 97.
LaTeX Encoding Info:    Redeclaring text symbol \textfouroldstyle (encoding TS1) on input line 98.
LaTeX Encoding Info:    Redeclaring text symbol \textfiveoldstyle (encoding TS1) on input line 99.
LaTeX Encoding Info:    Redeclaring text symbol \textsixoldstyle (encoding TS1) on input line 100.
LaTeX Encoding Info:    Redeclaring text symbol \textsevenoldstyle (encoding TS1) on input line 101.
LaTeX Encoding Info:    Redeclaring text symbol \texteightoldstyle (encoding TS1) on input line 102.
LaTeX Encoding Info:    Redeclaring text symbol \textnineoldstyle (encoding TS1) on input line 103.
LaTeX Encoding Info:    Redeclaring text symbol \textlangle (encoding TS1) on input line 104.
LaTeX Encoding Info:    Redeclaring text symbol \textminus (encoding TS1) on input line 105.
LaTeX Encoding Info:    Redeclaring text symbol \textrangle (encoding TS1) on input line 106.
LaTeX Encoding Info:    Redeclaring text symbol \textmho (encoding TS1) on input line 107.
LaTeX Encoding Info:    Redeclaring text symbol \textbigcircle (encoding TS1) on input line 108.
LaTeX Encoding Info:    Redeclaring text command \textcircled (encoding TS1) on input line 109.
LaTeX Encoding Info:    Redeclaring text symbol \textohm (encoding TS1) on input line 115.
LaTeX Encoding Info:    Redeclaring text symbol \textlbrackdbl (encoding TS1) on input line 116.
LaTeX Encoding Info:    Redeclaring text symbol \textrbrackdbl (encoding TS1) on input line 117.
LaTeX Encoding Info:    Redeclaring text symbol \textuparrow (encoding TS1) on input line 118.
LaTeX Encoding Info:    Redeclaring text symbol \textdownarrow (encoding TS1) on input line 119.
LaTeX Encoding Info:    Redeclaring text symbol \textasciigrave (encoding TS1) on input line 120.
LaTeX Encoding Info:    Redeclaring text symbol \textborn (encoding TS1) on input line 121.
LaTeX Encoding Info:    Redeclaring text symbol \textdivorced (encoding TS1) on input line 122.
LaTeX Encoding Info:    Redeclaring text symbol \textdied (encoding TS1) on input line 123.
LaTeX Encoding Info:    Redeclaring text symbol \textleaf (encoding TS1) on input line 124.
LaTeX Encoding Info:    Redeclaring text symbol \textmarried (encoding TS1) on input line 125.
LaTeX Encoding Info:    Redeclaring text symbol \textmusicalnote (encoding TS1) on input line 126.
LaTeX Encoding Info:    Redeclaring text symbol \texttildelow (encoding TS1) on input line 127.
LaTeX Encoding Info:    Redeclaring text symbol \textdblhyphenchar (encoding TS1) on input line 128.
LaTeX Encoding Info:    Redeclaring text symbol \textasciibreve (encoding TS1) on input line 129.
LaTeX Encoding Info:    Redeclaring text symbol \textasciicaron (encoding TS1) on input line 130.
LaTeX Encoding Info:    Redeclaring text symbol \textacutedbl (encoding TS1) on input line 131.
LaTeX Encoding Info:    Redeclaring text symbol \textgravedbl (encoding TS1) on input line 132.
LaTeX Encoding Info:    Redeclaring text symbol \textdagger (encoding TS1) on input line 133.
LaTeX Encoding Info:    Redeclaring text symbol \textdaggerdbl (encoding TS1) on input line 134.
LaTeX Encoding Info:    Redeclaring text symbol \textbardbl (encoding TS1) on input line 135.
LaTeX Encoding Info:    Redeclaring text symbol \textperthousand (encoding TS1) on input line 136.
LaTeX Encoding Info:    Redeclaring text symbol \textbullet (encoding TS1) on input line 137.
LaTeX Encoding Info:    Redeclaring text symbol \textcelsius (encoding TS1) on input line 138.
LaTeX Encoding Info:    Redeclaring text symbol \textdollaroldstyle (encoding TS1) on input line 139.
LaTeX Encoding Info:    Redeclaring text symbol \textcentoldstyle (encoding TS1) on input line 140.
LaTeX Encoding Info:    Redeclaring text symbol \textflorin (encoding TS1) on input line 141.
LaTeX Encoding Info:    Redeclaring text symbol \textcolonmonetary (encoding TS1) on input line 142.
LaTeX Encoding Info:    Redeclaring text symbol \textwon (encoding TS1) on input line 143.
LaTeX Encoding Info:    Redeclaring text symbol \textnaira (encoding TS1) on input line 144.
LaTeX Encoding Info:    Redeclaring text symbol \textguarani (encoding TS1) on input line 145.
LaTeX Encoding Info:    Redeclaring text symbol \textpeso (encoding TS1) on input line 146.
LaTeX Encoding Info:    Redeclaring text symbol \textlira (encoding TS1) on input line 147.
LaTeX Encoding Info:    Redeclaring text symbol \textrecipe (encoding TS1) on input line 148.
LaTeX Encoding Info:    Redeclaring text symbol \textinterrobang (encoding TS1) on input line 149.
LaTeX Encoding Info:    Redeclaring text symbol \textinterrobangdown (encoding TS1) on input line 150.
LaTeX Encoding Info:    Redeclaring text symbol \textdong (encoding TS1) on input line 151.
LaTeX Encoding Info:    Redeclaring text symbol \texttrademark (encoding TS1) on input line 152.
LaTeX Encoding Info:    Redeclaring text symbol \textpertenthousand (encoding TS1) on input line 153.
LaTeX Encoding Info:    Redeclaring text symbol \textpilcrow (encoding TS1) on input line 154.
LaTeX Encoding Info:    Redeclaring text symbol \textbaht (encoding TS1) on input line 155.
LaTeX Encoding Info:    Redeclaring text symbol \textnumero (encoding TS1) on input line 156.
LaTeX Encoding Info:    Redeclaring text symbol \textdiscount (encoding TS1) on input line 157.
LaTeX Encoding Info:    Redeclaring text symbol \textestimated (encoding TS1) on input line 158.
LaTeX Encoding Info:    Redeclaring text symbol \textopenbullet (encoding TS1) on input line 159.
LaTeX Encoding Info:    Redeclaring text symbol \textservicemark (encoding TS1) on input line 160.
LaTeX Encoding Info:    Redeclaring text symbol \textlquill (encoding TS1) on input line 161.
LaTeX Encoding Info:    Redeclaring text symbol \textrquill (encoding TS1) on input line 162.
LaTeX Encoding Info:    Redeclaring text symbol \textcent (encoding TS1) on input line 163.
LaTeX Encoding Info:    Redeclaring text symbol \textsterling (encoding TS1) on input line 164.
LaTeX Encoding Info:    Redeclaring text symbol \textcurrency (encoding TS1) on input line 165.
LaTeX Encoding Info:    Redeclaring text symbol \textyen (encoding TS1) on input line 166.
LaTeX Encoding Info:    Redeclaring text symbol \textbrokenbar (encoding TS1) on input line 167.
LaTeX Encoding Info:    Redeclaring text symbol \textsection (encoding TS1) on input line 168.
LaTeX Encoding Info:    Redeclaring text symbol \textasciidieresis (encoding TS1) on input line 169.
LaTeX Encoding Info:    Redeclaring text symbol \textcopyright (encoding TS1) on input line 170.
LaTeX Encoding Info:    Redeclaring text symbol \textordfeminine (encoding TS1) on input line 171.
LaTeX Encoding Info:    Redeclaring text symbol \textcopyleft (encoding TS1) on input line 172.
LaTeX Encoding Info:    Redeclaring text symbol \textlnot (encoding TS1) on input line 173.
LaTeX Encoding Info:    Redeclaring text symbol \textcircledP (encoding TS1) on input line 174.
LaTeX Encoding Info:    Redeclaring text symbol \textregistered (encoding TS1) on input line 175.
LaTeX Encoding Info:    Redeclaring text symbol \textasciimacron (encoding TS1) on input line 176.
LaTeX Encoding Info:    Redeclaring text symbol \textdegree (encoding TS1) on input line 177.
LaTeX Encoding Info:    Redeclaring text symbol \textpm (encoding TS1) on input line 178.
LaTeX Encoding Info:    Redeclaring text symbol \texttwosuperior (encoding TS1) on input line 179.
LaTeX Encoding Info:    Redeclaring text symbol \textthreesuperior (encoding TS1) on input line 180.
LaTeX Encoding Info:    Redeclaring text symbol \textasciiacute (encoding TS1) on input line 181.
LaTeX Encoding Info:    Redeclaring text symbol \textmu (encoding TS1) on input line 182.
LaTeX Encoding Info:    Redeclaring text symbol \textparagraph (encoding TS1) on input line 183.
LaTeX Encoding Info:    Redeclaring text symbol \textperiodcentered (encoding TS1) on input line 184.
LaTeX Encoding Info:    Redeclaring text symbol \textreferencemark (encoding TS1) on input line 185.
LaTeX Encoding Info:    Redeclaring text symbol \textonesuperior (encoding TS1) on input line 186.
LaTeX Encoding Info:    Redeclaring text symbol \textordmasculine (encoding TS1) on input line 187.
LaTeX Encoding Info:    Redeclaring text symbol \textsurd (encoding TS1) on input line 188.
LaTeX Encoding Info:    Redeclaring text symbol \textonequarter (encoding TS1) on input line 189.
LaTeX Encoding Info:    Redeclaring text symbol \textonehalf (encoding TS1) on input line 190.
LaTeX Encoding Info:    Redeclaring text symbol \textthreequarters (encoding TS1) on input line 191.
LaTeX Encoding Info:    Redeclaring text symbol \texteuro (encoding TS1) on input line 192.
LaTeX Encoding Info:    Redeclaring text symbol \texttimes (encoding TS1) on input line 193.
LaTeX Encoding Info:    Redeclaring text symbol \textdiv (encoding TS1) on input line 194.
))
\g__um_fam_int=\count307
\g__um_fonts_used_int=\count308
\l__um_primecount_int=\count309
\g__um_primekern_muskip=\muskip18
(c:/Users/STALYN/AppData/Roaming/TinyTeX/texmf-dist/tex/latex/unicode-math/unicode-math-table.tex))) (c:/Users/STALYN/AppData/Roaming/TinyTeX/texmf-dist/tex/latex/lm/lmodern.sty
Package: lmodern 2015/05/01 v1.6.1 Latin Modern Fonts
LaTeX Font Info:    Overwriting symbol font `operators' in version `normal'
(Font)                  OT1/cmr/m/n --> OT1/lmr/m/n on input line 22.
LaTeX Font Info:    Overwriting symbol font `letters' in version `normal'
(Font)                  OML/cmm/m/it --> OML/lmm/m/it on input line 23.
LaTeX Font Info:    Overwriting symbol font `symbols' in version `normal'
(Font)                  OMS/cmsy/m/n --> OMS/lmsy/m/n on input line 24.
LaTeX Font Info:    Overwriting symbol font `largesymbols' in version `normal'
(Font)                  OMX/cmex/m/n --> OMX/lmex/m/n on input line 25.
LaTeX Font Info:    Overwriting symbol font `operators' in version `bold'
(Font)                  OT1/cmr/bx/n --> OT1/lmr/bx/n on input line 26.
LaTeX Font Info:    Overwriting symbol font `letters' in version `bold'
(Font)                  OML/cmm/b/it --> OML/lmm/b/it on input line 27.
LaTeX Font Info:    Overwriting symbol font `symbols' in version `bold'
(Font)                  OMS/cmsy/b/n --> OMS/lmsy/b/n on input line 28.
LaTeX Font Info:    Overwriting symbol font `largesymbols' in version `bold'
(Font)                  OMX/cmex/m/n --> OMX/lmex/m/n on input line 29.
LaTeX Font Info:    Overwriting math alphabet `\mathbf' in version `normal'
(Font)                  OT1/cmr/bx/n --> OT1/lmr/bx/n on input line 31.
LaTeX Font Info:    Overwriting math alphabet `\mathsf' in version `normal'
(Font)                  OT1/cmss/m/n --> OT1/lmss/m/n on input line 32.
LaTeX Font Info:    Overwriting math alphabet `\mathit' in version `normal'
(Font)                  OT1/cmr/m/it --> OT1/lmr/m/it on input line 33.
LaTeX Font Info:    Overwriting math alphabet `\mathtt' in version `normal'
(Font)                  OT1/cmtt/m/n --> OT1/lmtt/m/n on input line 34.
LaTeX Font Info:    Overwriting math alphabet `\mathbf' in version `bold'
(Font)                  OT1/cmr/bx/n --> OT1/lmr/bx/n on input line 35.
LaTeX Font Info:    Overwriting math alphabet `\mathsf' in version `bold'
(Font)                  OT1/cmss/bx/n --> OT1/lmss/bx/n on input line 36.
LaTeX Font Info:    Overwriting math alphabet `\mathit' in version `bold'
(Font)                  OT1/cmr/bx/it --> OT1/lmr/bx/it on input line 37.
LaTeX Font Info:    Overwriting math alphabet `\mathtt' in version `bold'
(Font)                  OT1/cmtt/m/n --> OT1/lmtt/m/n on input line 38.
) (c:/Users/STALYN/AppData/Roaming/TinyTeX/texmf-dist/tex/latex/upquote/upquote.sty
Package: upquote 2012/04/19 v1.3 upright-quote and grave-accent glyphs in verbatim
(c:/Users/STALYN/AppData/Roaming/TinyTeX/texmf-dist/tex/latex/base/textcomp.sty
Package: textcomp 2024/04/24 v2.1b Standard LaTeX package
)) (c:/Users/STALYN/AppData/Roaming/TinyTeX/texmf-dist/tex/latex/fancyvrb/fancyvrb.sty
Package: fancyvrb 2026/04/16 4.6a verbatim text (tvz,hv)
(c:/Users/STALYN/AppData/Roaming/TinyTeX/texmf-dist/tex/latex/graphics/keyval.sty
Package: keyval 2022/05/29 v1.15 key=value parser (DPC)
\KV@toks@=\toks22
)
\FV@CodeLineNo=\count310
\FV@InFile=\read2
\FV@TabBox=\box55
\c@FancyVerbLine=\count311
\FV@StepNumber=\count312
\FV@OutFile=\write3
) (c:/Users/STALYN/AppData/Roaming/TinyTeX/texmf-dist/tex/latex/framed/framed.sty
Package: framed 2011/10/22 v 0.96: framed or shaded text with page breaks
\OuterFrameSep=\skip54
\fb@frw=\dimen163
\fb@frh=\dimen164
\FrameRule=\dimen165
\FrameSep=\dimen166
) (c:/Users/STALYN/AppData/Roaming/TinyTeX/texmf-dist/tex/latex/tools/longtable.sty
Package: longtable 2025-10-13 v4.24 Multi-page Table package (DPC)
\LTleft=\skip55
\LTright=\skip56
\LTpre=\skip57
\LTpost=\skip58
\LTchunksize=\count313
\LTcapwidth=\dimen167
\LT@head=\box56
\LT@firsthead=\box57
\LT@foot=\box58
\LT@lastfoot=\box59
\LT@gbox=\box60
\LT@cols=\count314
\LT@rows=\count315
\c@LT@tables=\count316
\c@LT@chunks=\count317
\LT@p@ftn=\toks23
) (c:/Users/STALYN/AppData/Roaming/TinyTeX/texmf-dist/tex/latex/booktabs/booktabs.sty
Package: booktabs 2020/01/12 v1.61803398 Publication quality tables
\heavyrulewidth=\dimen168
\lightrulewidth=\dimen169
\cmidrulewidth=\dimen170
\belowrulesep=\dimen171
\belowbottomsep=\dimen172
\aboverulesep=\dimen173
\abovetopsep=\dimen174
\cmidrulesep=\dimen175
\cmidrulekern=\dimen176
\defaultaddspace=\dimen177
\@cmidla=\count318
\@cmidlb=\count319
\@aboverulesep=\dimen178
\@belowrulesep=\dimen179
\@thisruleclass=\count320
\@lastruleclass=\count321
\@thisrulewidth=\dimen180
) (c:/Users/STALYN/AppData/Roaming/TinyTeX/texmf-dist/tex/latex/tools/array.sty
Package: array 2025/09/25 v2.6n Tabular extension package (FMi)
\col@sep=\dimen181
\ar@mcellbox=\box61
\extrarowheight=\dimen182
\NC@list=\toks24
\extratabsurround=\skip59
\backup@length=\skip60
\ar@cellbox=\box62
)
\c@none=\count322
(c:/Users/STALYN/AppData/Roaming/TinyTeX/texmf-dist/tex/latex/tools/calc.sty
Package: calc 2025/03/01 v4.3b Infix arithmetic (KKT,FJ)
\calc@Acount=\count323
\calc@Bcount=\count324
\calc@Adimen=\dimen183
\calc@Bdimen=\dimen184
\calc@Askip=\skip61
\calc@Bskip=\skip62
LaTeX Info: Redefining \setlength on input line 86.
LaTeX Info: Redefining \addtolength on input line 87.
\calc@Ccount=\count325
\calc@Cskip=\skip63
) (c:/Users/STALYN/AppData/Roaming/TinyTeX/texmf-dist/tex/latex/etoolbox/etoolbox.sty
Package: etoolbox 2025/10/02 v2.5m e-TeX tools for LaTeX (JAW)
\etb@tempcnta=\count326
) (c:/Users/STALYN/AppData/Roaming/TinyTeX/texmf-dist/tex/latex/footnotehyper/footnotehyper.sty
Package: footnotehyper 2025/11/15 v1.1f hyperref aware footnote.sty (JFB)
\FNH@notes=\box63
\FNH@width=\dimen185
\FNH@toks=\toks25
) (c:/Users/STALYN/AppData/Roaming/TinyTeX/texmf-dist/tex/latex/graphics/graphicx.sty
Package: graphicx 2024/12/31 v1.2e Enhanced LaTeX Graphics (DPC,SPQR)
(c:/Users/STALYN/AppData/Roaming/TinyTeX/texmf-dist/tex/latex/graphics/graphics.sty
Package: graphics 2024/08/06 v1.4g Standard LaTeX Graphics (DPC,SPQR)
(c:/Users/STALYN/AppData/Roaming/TinyTeX/texmf-dist/tex/latex/graphics/trig.sty
Package: trig 2023/12/02 v1.11 sin cos tan (DPC)
) (c:/Users/STALYN/AppData/Roaming/TinyTeX/texmf-dist/tex/latex/graphics-cfg/graphics.cfg
File: graphics.cfg 2016/06/04 v1.11 sample graphics configuration
)
Package graphics Info: Driver file: xetex.def on input line 106.
)
\Gin@req@height=\dimen186
\Gin@req@width=\dimen187
)
\pandoc@box=\box64
(c:/Users/STALYN/AppData/Roaming/TinyTeX/texmf-dist/tex/generic/babel/babel.sty
Package: babel 2026/05/03 v26.7 The multilingual framework for LuaLaTeX, pdfLaTeX and XeLaTeX
\babel@savecnt=\count327
LaTeX Encoding Info:    Redeclaring text command \ij (encoding OT1) on input line 2080.
LaTeX Encoding Info:    Redeclaring text command \IJ (encoding OT1) on input line 2082.
LaTeX Encoding Info:    Redeclaring text command \ij (encoding T1) on input line 2084.
LaTeX Encoding Info:    Redeclaring text command \IJ (encoding T1) on input line 2085.
LaTeX Encoding Info:    Ignoring declaration for text command \ij (encoding ?) on input line 2086.
LaTeX Encoding Info:    Ignoring declaration for text command \IJ (encoding ?) on input line 2088.
LaTeX Encoding Info:    Ignoring declaration for text command \SS (encoding ?) on input line 2113.
\U@D=\dimen188
\l@unhyphenated=\language4
(c:/Users/STALYN/AppData/Roaming/TinyTeX/texmf-dist/tex/generic/babel/xebabel.def)
\bbl@readstream=\read3
\bbl@dirlevel=\count328
(c:/Users/STALYN/AppData/Roaming/TinyTeX/texmf-dist/tex/generic/babel/locale/es/babel-spanish.tex)
Package babel Info: Importing font and identification data for spanish
(babel)             from babel-es.ini. Reported on input line 4348.
(c:/Users/STALYN/AppData/Roaming/TinyTeX/texmf-dist/tex/generic/babel-spanish/spanish.ldf
Language: spanish.ldf 2021/05/27 v5.0q Spanish support from the babel system
\es@quottoks=\toks26
\es@quotdepth=\count329
))
LaTeX Encoding Info:    Redeclaring text command \guillemotleft (encoding OT1) on input line 111.
LaTeX Encoding Info:    Redeclaring text command \guillemotright (encoding OT1) on input line 111.
(c:/Users/STALYN/AppData/Roaming/TinyTeX/texmf-dist/tex/latex/natbib/natbib.sty
Package: natbib 2010/09/13 8.31b (PWD, AO)
\bibhang=\skip64
\bibsep=\skip65
LaTeX Info: Redefining \cite on input line 694.
\c@NAT@ctr=\count330
)

Package fontspec Info: 
(fontspec)             Cambria scale = 0.9233102663759599.


Package fontspec Info: 
(fontspec)             Cambria scale = 1.


Package fontspec Info: 
(fontspec)             Cambria scale = 0.9233102663759599.


Package fontspec Info: 
(fontspec)             Cambria scale = 1.


Package fontspec Info: 
(fontspec)             Cambria scale = 0.9233102663759599.


Package fontspec Info: 
(fontspec)             Cambria scale = 1.


Package fontspec Info: 
(fontspec)             Cambria Bold scale = 0.8898031445213442.


Package fontspec Info: 
(fontspec)             Cambria Bold scale = 1.


Package fontspec Info: 
(fontspec)             Cambria Bold scale = 0.8898031445213442.


Package fontspec Info: 
(fontspec)             Cambria Bold scale = 1.


Package fontspec Info: 
(fontspec)             Cambria Italic scale = 0.9233102663759599.


Package fontspec Info: 
(fontspec)             Cambria Italic scale = 1.


Package fontspec Info: 
(fontspec)             Cambria Italic scale = 0.9233102663759599.


Package fontspec Info: 
(fontspec)             Cambria Italic scale = 1.


Package fontspec Info: 
(fontspec)             Cambria Bold Italic scale = 0.8898031445213442.


Package fontspec Info: 
(fontspec)             Cambria Bold Italic scale = 1.


Package fontspec Info: 
(fontspec)             Cambria Bold Italic scale = 0.8898031445213442.


Package fontspec Info: 
(fontspec)             Cambria Bold Italic scale = 1.


Package fontspec Info: 
(fontspec)             Font family 'Cambria(0)' created for font 'Cambria'
(fontspec)             with options
(fontspec)             [Scale=MatchLowercase,Ligatures=TeX,Scale=1,BoldFont =
(fontspec)             {Cambria Bold},ItalicFont = {Cambria
(fontspec)             Italic},BoldItalicFont = {Cambria Bold Italic}].
(fontspec)              
(fontspec)              This font family consists of the following NFSS
(fontspec)             series/shapes:
(fontspec)              
(fontspec)             - 'normal' (m/n) with NFSS spec.:
(fontspec)             <->s*[1]"Cambria/OT:script=latn;language=dflt;mapping=tex-text;"
(fontspec)             - 'small caps'  (m/sc) with NFSS spec.:
(fontspec)             <->s*[1]"Cambria/OT:script=latn;language=dflt;+smcp;mapping=tex-text;"
(fontspec)             - 'bold' (b/n) with NFSS spec.: <->s*[1]"Cambria
(fontspec)             Bold/OT:script=latn;language=dflt;mapping=tex-text;"
(fontspec)             - 'bold small caps'  (b/sc) with NFSS spec.:
(fontspec)             <->s*[1]"Cambria
(fontspec)             Bold/OT:script=latn;language=dflt;+smcp;mapping=tex-text;"
(fontspec)             - 'italic' (m/it) with NFSS spec.: <->s*[1]"Cambria
(fontspec)             Italic/OT:script=latn;language=dflt;mapping=tex-text;"
(fontspec)             - 'italic small caps'  (m/scit) with NFSS spec.:
(fontspec)             <->s*[1]"Cambria
(fontspec)             Italic/OT:script=latn;language=dflt;+smcp;mapping=tex-text;"
(fontspec)             - 'bold italic' (b/it) with NFSS spec.:
(fontspec)             <->s*[1]"Cambria Bold
(fontspec)             Italic/OT:script=latn;language=dflt;mapping=tex-text;"
(fontspec)             - 'bold italic small caps'  (b/scit) with NFSS spec.:
(fontspec)             <->s*[1]"Cambria Bold
(fontspec)             Italic/OT:script=latn;language=dflt;+smcp;mapping=tex-text;"

LaTeX Font Info:    Font shape `TU/Cambria(0)/m/n' will be
(Font)              scaled to size 10.0pt on input line 137.

Package fontspec Info: 
(fontspec)             Cambria scale = 0.9999967311822334.


Package fontspec Info: 
(fontspec)             Cambria scale = 0.9999967311822334.


Package fontspec Info: 
(fontspec)             Cambria scale = 0.9999967311822334.


Package fontspec Info: 
(fontspec)             Cambria Bold scale = 0.9637066415491384.


Package fontspec Info: 
(fontspec)             Cambria Bold scale = 0.9637066415491384.


Package fontspec Info: 
(fontspec)             Cambria Italic scale = 0.9999967311822334.


Package fontspec Info: 
(fontspec)             Cambria Italic scale = 0.9999967311822334.


Package fontspec Info: 
(fontspec)             Cambria Bold Italic scale = 0.9637066415491384.


Package fontspec Info: 
(fontspec)             Cambria Bold Italic scale = 0.9637066415491384.


Package fontspec Info: 
(fontspec)             Font family 'Cambria(1)' created for font 'Cambria'
(fontspec)             with options [Scale=MatchLowercase,BoldFont = {Cambria
(fontspec)             Bold},ItalicFont = {Cambria Italic},BoldItalicFont =
(fontspec)             {Cambria Bold Italic}].
(fontspec)              
(fontspec)              This font family consists of the following NFSS
(fontspec)             series/shapes:
(fontspec)              
(fontspec)             - 'normal' (m/n) with NFSS spec.:
(fontspec)             <->s*[0.9999967311822334]"Cambria/OT:script=latn;language=dflt;"
(fontspec)             - 'small caps'  (m/sc) with NFSS spec.:
(fontspec)             <->s*[0.9999967311822334]"Cambria/OT:script=latn;language=dflt;+smcp;"
(fontspec)             - 'bold' (b/n) with NFSS spec.:
(fontspec)             <->s*[0.9637066415491384]"Cambria
(fontspec)             Bold/OT:script=latn;language=dflt;"
(fontspec)             - 'bold small caps'  (b/sc) with NFSS spec.:
(fontspec)             <->s*[0.9637066415491384]"Cambria
(fontspec)             Bold/OT:script=latn;language=dflt;+smcp;"
(fontspec)             - 'italic' (m/it) with NFSS spec.:
(fontspec)             <->s*[0.9999967311822334]"Cambria
(fontspec)             Italic/OT:script=latn;language=dflt;"
(fontspec)             - 'italic small caps'  (m/scit) with NFSS spec.:
(fontspec)             <->s*[0.9999967311822334]"Cambria
(fontspec)             Italic/OT:script=latn;language=dflt;+smcp;"
(fontspec)             - 'bold italic' (b/it) with NFSS spec.:
(fontspec)             <->s*[0.9637066415491384]"Cambria Bold
(fontspec)             Italic/OT:script=latn;language=dflt;"
(fontspec)             - 'bold italic small caps'  (b/scit) with NFSS spec.:
(fontspec)             <->s*[0.9637066415491384]"Cambria Bold
(fontspec)             Italic/OT:script=latn;language=dflt;+smcp;"

LaTeX Font Info:    Overwriting math alphabet `\mathrm' in version `normal'
(Font)                  OT1/lmr/m/n --> TU/Cambria(1)/m/n on input line 137.
LaTeX Font Info:    Overwriting math alphabet `\mathit' in version `normal'
(Font)                  OT1/lmr/m/it --> TU/Cambria(1)/m/it on input line 137.
LaTeX Font Info:    Overwriting math alphabet `\mathbf' in version `normal'
(Font)                  OT1/lmr/bx/n --> TU/Cambria(1)/b/n on input line 137.

Package fontspec Info: 
(fontspec)             Calibri scale = 1.005254320273659.


Package fontspec Info: 
(fontspec)             Calibri scale = 1.005254320273659.


Package fontspec Info: 
(fontspec)             Calibri scale = 1.005254320273659.


Package fontspec Info: 
(fontspec)             Calibri scale = 1.005254320273659.


Package fontspec Info: 
(fontspec)             Calibri scale = 1.005254320273659.


Package fontspec Info: 
(fontspec)             Calibri scale = 1.005254320273659.


Package fontspec Info: 
(fontspec)             Calibri Bold scale = 0.9958300916989204.


Package fontspec Info: 
(fontspec)             Calibri Bold scale = 0.9958300916989204.


Package fontspec Info: 
(fontspec)             Calibri Bold scale = 0.9958300916989204.


Package fontspec Info: 
(fontspec)             Calibri Bold scale = 0.9958300916989204.


Package fontspec Info: 
(fontspec)             Calibri Italic scale = 0.9989518059306234.


Package fontspec Info: 
(fontspec)             Calibri Italic scale = 0.9989518059306234.


Package fontspec Info: 
(fontspec)             Calibri Italic scale = 0.9989518059306234.


Package fontspec Info: 
(fontspec)             Calibri Italic scale = 0.9989518059306234.


Package fontspec Info: 
(fontspec)             Calibri Bold Italic scale = 0.9958300916989204.


Package fontspec Info: 
(fontspec)             Calibri Bold Italic scale = 0.9958300916989204.


Package fontspec Info: 
(fontspec)             Calibri Bold Italic scale = 0.9958300916989204.


Package fontspec Info: 
(fontspec)             Calibri Bold Italic scale = 0.9958300916989204.


Package fontspec Info: 
(fontspec)             Font family 'Calibri(0)' created for font 'Calibri'
(fontspec)             with options [Scale=MatchLowercase,Ligatures=TeX,Scale
(fontspec)             = MatchLowercase,BoldFont = {Calibri Bold},ItalicFont =
(fontspec)             {Calibri Italic},BoldItalicFont = {Calibri Bold
(fontspec)             Italic}].
(fontspec)              
(fontspec)              This font family consists of the following NFSS
(fontspec)             series/shapes:
(fontspec)              
(fontspec)             - 'normal' (m/n) with NFSS spec.:
(fontspec)             <->s*[1.005254320273659]"Calibri/OT:script=latn;language=dflt;mapping=tex-text;"
(fontspec)             - 'small caps'  (m/sc) with NFSS spec.:
(fontspec)             <->s*[1.005254320273659]"Calibri/OT:script=latn;language=dflt;+smcp;mapping=tex-text;"
(fontspec)             - 'bold' (b/n) with NFSS spec.:
(fontspec)             <->s*[0.9958300916989204]"Calibri
(fontspec)             Bold/OT:script=latn;language=dflt;mapping=tex-text;"
(fontspec)             - 'bold small caps'  (b/sc) with NFSS spec.:
(fontspec)             <->s*[0.9958300916989204]"Calibri
(fontspec)             Bold/OT:script=latn;language=dflt;+smcp;mapping=tex-text;"
(fontspec)             - 'italic' (m/it) with NFSS spec.:
(fontspec)             <->s*[0.9989518059306234]"Calibri
(fontspec)             Italic/OT:script=latn;language=dflt;mapping=tex-text;"
(fontspec)             - 'italic small caps'  (m/scit) with NFSS spec.:
(fontspec)             <->s*[0.9989518059306234]"Calibri
(fontspec)             Italic/OT:script=latn;language=dflt;+smcp;mapping=tex-text;"
(fontspec)             - 'bold italic' (b/it) with NFSS spec.:
(fontspec)             <->s*[0.9958300916989204]"Calibri Bold
(fontspec)             Italic/OT:script=latn;language=dflt;mapping=tex-text;"
(fontspec)             - 'bold italic small caps'  (b/scit) with NFSS spec.:
(fontspec)             <->s*[0.9958300916989204]"Calibri Bold
(fontspec)             Italic/OT:script=latn;language=dflt;+smcp;mapping=tex-text;"


Package fontspec Info: 
(fontspec)             Calibri scale = 1.005254320273659.


Package fontspec Info: 
(fontspec)             Calibri scale = 1.005254320273659.


Package fontspec Info: 
(fontspec)             Calibri scale = 1.005254320273659.


Package fontspec Info: 
(fontspec)             Calibri scale = 1.005254320273659.


Package fontspec Info: 
(fontspec)             Calibri scale = 1.005254320273659.


Package fontspec Info: 
(fontspec)             Calibri scale = 1.005254320273659.


Package fontspec Info: 
(fontspec)             Calibri Bold scale = 0.9958300916989204.


Package fontspec Info: 
(fontspec)             Calibri Bold scale = 0.9958300916989204.


Package fontspec Info: 
(fontspec)             Calibri Bold scale = 0.9958300916989204.


Package fontspec Info: 
(fontspec)             Calibri Bold scale = 0.9958300916989204.


Package fontspec Info: 
(fontspec)             Calibri Italic scale = 0.9989518059306234.


Package fontspec Info: 
(fontspec)             Calibri Italic scale = 0.9989518059306234.


Package fontspec Info: 
(fontspec)             Calibri Italic scale = 0.9989518059306234.


Package fontspec Info: 
(fontspec)             Calibri Italic scale = 0.9989518059306234.


Package fontspec Info: 
(fontspec)             Calibri Bold Italic scale = 0.9958300916989204.


Package fontspec Info: 
(fontspec)             Calibri Bold Italic scale = 0.9958300916989204.


Package fontspec Info: 
(fontspec)             Calibri Bold Italic scale = 0.9958300916989204.


Package fontspec Info: 
(fontspec)             Calibri Bold Italic scale = 0.9958300916989204.


Package fontspec Info: 
(fontspec)             Font family 'Calibri(1)' created for font 'Calibri'
(fontspec)             with options [Scale=MatchLowercase,Scale =
(fontspec)             MatchLowercase,BoldFont = {Calibri Bold},ItalicFont =
(fontspec)             {Calibri Italic},BoldItalicFont = {Calibri Bold
(fontspec)             Italic}].
(fontspec)              
(fontspec)              This font family consists of the following NFSS
(fontspec)             series/shapes:
(fontspec)              
(fontspec)             - 'normal' (m/n) with NFSS spec.:
(fontspec)             <->s*[1.005254320273659]"Calibri/OT:script=latn;language=dflt;"
(fontspec)             - 'small caps'  (m/sc) with NFSS spec.:
(fontspec)             <->s*[1.005254320273659]"Calibri/OT:script=latn;language=dflt;+smcp;"
(fontspec)             - 'bold' (b/n) with NFSS spec.:
(fontspec)             <->s*[0.9958300916989204]"Calibri
(fontspec)             Bold/OT:script=latn;language=dflt;"
(fontspec)             - 'bold small caps'  (b/sc) with NFSS spec.:
(fontspec)             <->s*[0.9958300916989204]"Calibri
(fontspec)             Bold/OT:script=latn;language=dflt;+smcp;"
(fontspec)             - 'italic' (m/it) with NFSS spec.:
(fontspec)             <->s*[0.9989518059306234]"Calibri
(fontspec)             Italic/OT:script=latn;language=dflt;"
(fontspec)             - 'italic small caps'  (m/scit) with NFSS spec.:
(fontspec)             <->s*[0.9989518059306234]"Calibri
(fontspec)             Italic/OT:script=latn;language=dflt;+smcp;"
(fontspec)             - 'bold italic' (b/it) with NFSS spec.:
(fontspec)             <->s*[0.9958300916989204]"Calibri Bold
(fontspec)             Italic/OT:script=latn;language=dflt;"
(fontspec)             - 'bold italic small caps'  (b/scit) with NFSS spec.:
(fontspec)             <->s*[0.9958300916989204]"Calibri Bold
(fontspec)             Italic/OT:script=latn;language=dflt;+smcp;"

LaTeX Font Info:    Overwriting math alphabet `\mathsf' in version `normal'
(Font)                  OT1/lmss/m/n --> TU/Calibri(1)/m/n on input line 146.
LaTeX Font Info:    Overwriting math alphabet `\mathsf' in version `bold'
(Font)                  OT1/lmss/bx/n --> TU/Calibri(1)/b/n on input line 146.

Package fontspec Info: 
(fontspec)             Consolas scale = 0.9521882713263468.


Package fontspec Info: 
(fontspec)             Consolas scale = 0.95.


Package fontspec Info: 
(fontspec)             Consolas scale = 0.9521882713263468.


Package fontspec Info: 
(fontspec)             Consolas scale = 0.95.


Package fontspec Info: 
(fontspec)             Consolas/B scale = 0.9409419877522523.


Package fontspec Info: 
(fontspec)             Consolas/B scale = 0.95.


Package fontspec Info: 
(fontspec)             Consolas/I scale = 0.9521882713263468.


Package fontspec Info: 
(fontspec)             Consolas/I scale = 0.95.


Package fontspec Info: 
(fontspec)             Consolas/BI scale = 0.9409419877522523.


Package fontspec Info: 
(fontspec)             Consolas/BI scale = 0.95.


Package fontspec Info: 
(fontspec)             Font family 'Consolas(0)' created for font 'Consolas'
(fontspec)             with options
(fontspec)             [Scale=MatchLowercase,WordSpace={1,0,0},HyphenChar=None,PunctuationSpace=WordSpace,Scale=0.95].
(fontspec)              
(fontspec)              This font family consists of the following NFSS
(fontspec)             series/shapes:
(fontspec)              
(fontspec)             - 'normal' (m/n) with NFSS spec.:
(fontspec)             <->s*[0.95]"Consolas/OT:script=latn;language=dflt;"
(fontspec)             - 'bold' (b/n) with NFSS spec.:
(fontspec)             <->s*[0.95]"Consolas/B/OT:script=latn;language=dflt;"
(fontspec)             - 'italic' (m/it) with NFSS spec.:
(fontspec)             <->s*[0.95]"Consolas/I/OT:script=latn;language=dflt;"
(fontspec)             - 'bold italic' (b/it) with NFSS spec.:
(fontspec)             <->s*[0.95]"Consolas/BI/OT:script=latn;language=dflt;"


Package fontspec Info: 
(fontspec)             Consolas scale = 0.9521882713263468.


Package fontspec Info: 
(fontspec)             Consolas scale = 0.95.


Package fontspec Info: 
(fontspec)             Consolas scale = 0.9521882713263468.


Package fontspec Info: 
(fontspec)             Consolas scale = 0.95.


Package fontspec Info: 
(fontspec)             Consolas/B scale = 0.9409419877522523.


Package fontspec Info: 
(fontspec)             Consolas/B scale = 0.95.


Package fontspec Info: 
(fontspec)             Consolas/I scale = 0.9521882713263468.


Package fontspec Info: 
(fontspec)             Consolas/I scale = 0.95.


Package fontspec Info: 
(fontspec)             Consolas/BI scale = 0.9409419877522523.


Package fontspec Info: 
(fontspec)             Consolas/BI scale = 0.95.


Package fontspec Info: 
(fontspec)             Font family 'Consolas(1)' created for font 'Consolas'
(fontspec)             with options [Scale=MatchLowercase,Scale=0.95].
(fontspec)              
(fontspec)              This font family consists of the following NFSS
(fontspec)             series/shapes:
(fontspec)              
(fontspec)             - 'normal' (m/n) with NFSS spec.:
(fontspec)             <->s*[0.95]"Consolas/OT:script=latn;language=dflt;"
(fontspec)             - 'bold' (b/n) with NFSS spec.:
(fontspec)             <->s*[0.95]"Consolas/B/OT:script=latn;language=dflt;"
(fontspec)             - 'italic' (m/it) with NFSS spec.:
(fontspec)             <->s*[0.95]"Consolas/I/OT:script=latn;language=dflt;"
(fontspec)             - 'bold italic' (b/it) with NFSS spec.:
(fontspec)             <->s*[0.95]"Consolas/BI/OT:script=latn;language=dflt;"

LaTeX Font Info:    Overwriting math alphabet `\mathtt' in version `normal'
(Font)                  OT1/lmtt/m/n --> TU/Consolas(1)/m/n on input line 149.
LaTeX Font Info:    Overwriting math alphabet `\mathtt' in version `bold'
(Font)                  OT1/lmtt/m/n --> TU/Consolas(1)/b/n on input line 149.

Package fontspec Info: 
(fontspec)             Cambria Math scale = 0.9999967311822334.


Package fontspec Info: 
(fontspec)             Could not resolve font "Cambria Math/B" (it probably
(fontspec)             doesn't exist).


Package fontspec Info: 
(fontspec)             Cambria Math scale = 0.9999967311822334.


Package fontspec Info: 
(fontspec)             Font family 'CambriaMath(0)' created for font 'Cambria
(fontspec)             Math' with options
(fontspec)             [Scale=MatchLowercase,BoldItalicFont={},ItalicFont={},SmallCapsFont={},Script=Math].
(fontspec)              
(fontspec)              This font family consists of the following NFSS
(fontspec)             series/shapes:
(fontspec)              
(fontspec)             - 'normal' (m/n) with NFSS spec.:
(fontspec)             <->s*[0.9999967311822334]"Cambria
(fontspec)             Math/OT:script=math;language=dflt;"

LaTeX Font Info:    Font shape `TU/CambriaMath(0)/m/n' will be
(Font)              scaled to size 10.0pt on input line 158.

Package fontspec Info: 
(fontspec)             Cambria Math scale = 0.9999967311822334.


Package fontspec Info: 
(fontspec)             Could not resolve font "Cambria Math/B" (it probably
(fontspec)             doesn't exist).


Package fontspec Info: 
(fontspec)             Cambria Math scale = 0.9999967311822334.


Package fontspec Info: 
(fontspec)             Cambria Math scale = 0.9999967311822334.


Package fontspec Info: 
(fontspec)             Cambria Math scale = 0.9999967311822334.


Package fontspec Info: 
(fontspec)             Font family 'CambriaMath(1)' created for font 'Cambria
(fontspec)             Math' with options
(fontspec)             [Scale=MatchLowercase,BoldItalicFont={},ItalicFont={},SmallCapsFont={},Script=Math,SizeFeatures={{Size=8.65-},{Size=6.65-8.65,Font=Cambria
(fontspec)             Math,Style=MathScript},{Size=-6.65,Font=Cambria
(fontspec)             Math,Style=MathScriptScript}}].
(fontspec)              
(fontspec)              This font family consists of the following NFSS
(fontspec)             series/shapes:
(fontspec)              
(fontspec)             - 'normal' (m/n) with NFSS spec.:
(fontspec)             <8.65->s*[0.9999967311822334]"Cambria
(fontspec)             Math/OT:script=math;language=dflt;"<6.65-8.65>s*[0.9999967311822334]"Cambria
(fontspec)             Math/OT:script=math;language=dflt;+ssty=0;"<-6.65>s*[0.9999967311822334]"Cambria
(fontspec)             Math/OT:script=math;language=dflt;+ssty=1;"

LaTeX Font Info:    Font shape `TU/CambriaMath(1)/m/n' will be
(Font)              scaled to size 10.0pt on input line 158.
LaTeX Font Info:    Encoding `OT1' has changed to `TU' for symbol font
(Font)              `operators' in the math version `normal' on input line 158.
LaTeX Font Info:    Overwriting symbol font `operators' in version `normal'
(Font)                  OT1/lmr/m/n --> TU/CambriaMath(1)/m/n on input line 158.
LaTeX Font Info:    Encoding `OT1' has changed to `TU' for symbol font
(Font)              `operators' in the math version `bold' on input line 158.
LaTeX Font Info:    Overwriting symbol font `operators' in version `bold'
(Font)                  OT1/lmr/bx/n --> TU/CambriaMath(1)/b/n on input line 158.

Package fontspec Info: 
(fontspec)             Cambria Math scale = 0.9999967311822334.


Package fontspec Info: 
(fontspec)             Cambria Math scale = 1.000096730855352.


Package fontspec Info: 
(fontspec)             Could not resolve font "Cambria Math/B" (it probably
(fontspec)             doesn't exist).


Package fontspec Info: 
(fontspec)             Cambria Math scale = 0.9999967311822334.


Package fontspec Info: 
(fontspec)             Cambria Math scale = 1.000096730855352.


Package fontspec Info: 
(fontspec)             Cambria Math scale = 0.9999967311822334.


Package fontspec Info: 
(fontspec)             Cambria Math scale = 1.000096730855352.


Package fontspec Info: 
(fontspec)             Cambria Math scale = 0.9999967311822334.


Package fontspec Info: 
(fontspec)             Cambria Math scale = 1.000096730855352.


Package fontspec Info: 
(fontspec)             Font family 'CambriaMath(2)' created for font 'Cambria
(fontspec)             Math' with options
(fontspec)             [Scale=MatchLowercase,BoldItalicFont={},ItalicFont={},SmallCapsFont={},Script=Math,SizeFeatures={{Size=8.65-},{Size=6.65-8.65,Font=Cambria
(fontspec)             Math,Style=MathScript},{Size=-6.65,Font=Cambria
(fontspec)             Math,Style=MathScriptScript}},ScaleAgain=1.0001,FontAdjustment={\fontdimen
(fontspec)             8\font =7.56836pt\relax \fontdimen 9\font
(fontspec)             =5.85938pt\relax \fontdimen 10\font =4.58984pt\relax
(fontspec)             \fontdimen 11\font =6.68945pt\relax \fontdimen 12\font
(fontspec)             =5.0293pt\relax \fontdimen 13\font =3.66211pt\relax
(fontspec)             \fontdimen 14\font =3.66211pt\relax \fontdimen 15\font
(fontspec)             =3.00293pt\relax \fontdimen 16\font =2.04102pt\relax
(fontspec)             \fontdimen 17\font =2.04102pt\relax \fontdimen 18\font
(fontspec)             =2.2461pt\relax \fontdimen 19\font =1.5625pt\relax
(fontspec)             \fontdimen 22\font =2.85645pt\relax \fontdimen 20\font
(fontspec)             =0pt\relax \fontdimen 21\font =0pt\relax }].
(fontspec)              
(fontspec)              This font family consists of the following NFSS
(fontspec)             series/shapes:
(fontspec)              
(fontspec)             - 'normal' (m/n) with NFSS spec.:
(fontspec)             <8.65->s*[1.000096730855352]"Cambria
(fontspec)             Math/OT:script=math;language=dflt;"<6.65-8.65>s*[1.000096730855352]"Cambria
(fontspec)             Math/OT:script=math;language=dflt;+ssty=0;"<-6.65>s*[1.000096730855352]"Cambria
(fontspec)             Math/OT:script=math;language=dflt;+ssty=1;"

LaTeX Font Info:    Encoding `OMS' has changed to `TU' for symbol font
(Font)              `symbols' in the math version `normal' on input line 158.
LaTeX Font Info:    Overwriting symbol font `symbols' in version `normal'
(Font)                  OMS/lmsy/m/n --> TU/CambriaMath(2)/m/n on input line 158.
LaTeX Font Info:    Encoding `OMS' has changed to `TU' for symbol font
(Font)              `symbols' in the math version `bold' on input line 158.
LaTeX Font Info:    Overwriting symbol font `symbols' in version `bold'
(Font)                  OMS/lmsy/b/n --> TU/CambriaMath(2)/b/n on input line 158.

Package fontspec Info: 
(fontspec)             Cambria Math scale = 0.9999967311822334.


Package fontspec Info: 
(fontspec)             Cambria Math scale = 0.9998967315091152.


Package fontspec Info: 
(fontspec)             Could not resolve font "Cambria Math/B" (it probably
(fontspec)             doesn't exist).


Package fontspec Info: 
(fontspec)             Cambria Math scale = 0.9999967311822334.


Package fontspec Info: 
(fontspec)             Cambria Math scale = 0.9998967315091152.


Package fontspec Info: 
(fontspec)             Cambria Math scale = 0.9999967311822334.


Package fontspec Info: 
(fontspec)             Cambria Math scale = 0.9998967315091152.


Package fontspec Info: 
(fontspec)             Cambria Math scale = 0.9999967311822334.


Package fontspec Info: 
(fontspec)             Cambria Math scale = 0.9998967315091152.


Package fontspec Info: 
(fontspec)             Font family 'CambriaMath(3)' created for font 'Cambria
(fontspec)             Math' with options
(fontspec)             [Scale=MatchLowercase,BoldItalicFont={},ItalicFont={},SmallCapsFont={},Script=Math,SizeFeatures={{Size=8.65-},{Size=6.65-8.65,Font=Cambria
(fontspec)             Math,Style=MathScript},{Size=-6.65,Font=Cambria
(fontspec)             Math,Style=MathScriptScript}},ScaleAgain=0.9999,FontAdjustment={\fontdimen
(fontspec)             8\font =0.64941pt\relax \fontdimen 9\font
(fontspec)             =0.64941pt\relax \fontdimen 10\font =0.64941pt\relax
(fontspec)             \fontdimen 11\font =2.4414pt\relax \fontdimen 12\font
(fontspec)             =6.05469pt\relax \fontdimen 13\font =0pt\relax }].
(fontspec)              
(fontspec)              This font family consists of the following NFSS
(fontspec)             series/shapes:
(fontspec)              
(fontspec)             - 'normal' (m/n) with NFSS spec.:
(fontspec)             <8.65->s*[0.9998967315091152]"Cambria
(fontspec)             Math/OT:script=math;language=dflt;"<6.65-8.65>s*[0.9998967315091152]"Cambria
(fontspec)             Math/OT:script=math;language=dflt;+ssty=0;"<-6.65>s*[0.9998967315091152]"Cambria
(fontspec)             Math/OT:script=math;language=dflt;+ssty=1;"

LaTeX Font Info:    Encoding `OMX' has changed to `TU' for symbol font
(Font)              `largesymbols' in the math version `normal' on input line 158.
LaTeX Font Info:    Overwriting symbol font `largesymbols' in version `normal'
(Font)                  OMX/lmex/m/n --> TU/CambriaMath(3)/m/n on input line 158.
LaTeX Font Info:    Encoding `OMX' has changed to `TU' for symbol font
(Font)              `largesymbols' in the math version `bold' on input line 158.
LaTeX Font Info:    Overwriting symbol font `largesymbols' in version `bold'
(Font)                  OMX/lmex/m/n --> TU/CambriaMath(3)/b/n on input line 158.
(c:/Users/STALYN/AppData/Roaming/TinyTeX/texmf-dist/tex/latex/amscls/amsthm.sty
Package: amsthm 2020/05/29 v2.20.6
\thm@style=\toks27
\thm@bodyfont=\toks28
\thm@headfont=\toks29
\thm@notefont=\toks30
\thm@headpunct=\toks31
\thm@preskip=\skip66
\thm@postskip=\skip67
\thm@headsep=\skip68
\dth@everypar=\toks32
) (c:/Users/STALYN/AppData/Roaming/TinyTeX/texmf-dist/tex/latex/mathtools/mathtools.sty
Package: mathtools 2024/10/04 v1.31 mathematical typesetting tools
(c:/Users/STALYN/AppData/Roaming/TinyTeX/texmf-dist/tex/latex/mathtools/mhsetup.sty
Package: mhsetup 2021/03/18 v1.4 programming setup (MH)
)

Package mathtools Warning: For best results, please load mathtools *before* 
(mathtools)                unicode-math on input line 127.

\g_MT_multlinerow_int=\count331
\l_MT_multwidth_dim=\dimen189
\origjot=\skip69
\l_MT_shortvdotswithinadjustabove_dim=\dimen190
\l_MT_shortvdotswithinadjustbelow_dim=\dimen191
\l_MT_above_intertext_sep=\dimen192
\l_MT_below_intertext_sep=\dimen193
\l_MT_above_shortintertext_sep=\dimen194
\l_MT_below_shortintertext_sep=\dimen195
\xmathstrut@box=\box65
\xmathstrut@dim=\dimen196
) (c:/Users/STALYN/AppData/Roaming/TinyTeX/texmf-dist/tex/latex/geometry/geometry.sty
Package: geometry 2026/03/07 v6.0 Page Geometry
(c:/Users/STALYN/AppData/Roaming/TinyTeX/texmf-dist/tex/generic/iftex/ifvtex.sty
Package: ifvtex 2019/10/25 v1.7 ifvtex legacy package. Use iftex instead.
)
\Gm@cnth=\count332
\Gm@cntv=\count333
\c@Gm@tempcnt=\count334
\Gm@bindingoffset=\dimen197
\Gm@wd@mp=\dimen198
\Gm@odd@mp=\dimen199
\Gm@even@mp=\dimen256
\Gm@layoutwidth=\dimen257
\Gm@layoutheight=\dimen258
\Gm@layouthoffset=\dimen259
\Gm@layoutvoffset=\dimen260
\Gm@dimlist=\toks33
) (c:/Users/STALYN/AppData/Roaming/TinyTeX/texmf-dist/tex/latex/setspace/setspace.sty
Package: setspace 2022/12/04 v6.7b set line spacing
) (c:/Users/STALYN/AppData/Roaming/TinyTeX/texmf-dist/tex/latex/titlesec/titlesec.sty
Package: titlesec 2025/01/04 v2.17 Sectioning titles
\ttl@box=\box66
\beforetitleunit=\skip70
\aftertitleunit=\skip71
\ttl@plus=\dimen261
\ttl@minus=\dimen262
\ttl@toksa=\toks34
\titlewidth=\dimen263
\titlewidthlast=\dimen264
\titlewidthfirst=\dimen265
) (c:/Users/STALYN/AppData/Roaming/TinyTeX/texmf-dist/tex/latex/fancyhdr/fancyhdr.sty
Package: fancyhdr 2025/02/07 v5.2 Extensive control of page headers and footers
\f@nch@headwidth=\skip72
\f@nch@offset@elh=\skip73
\f@nch@offset@erh=\skip74
\f@nch@offset@olh=\skip75
\f@nch@offset@orh=\skip76
\f@nch@offset@elf=\skip77
\f@nch@offset@erf=\skip78
\f@nch@offset@olf=\skip79
\f@nch@offset@orf=\skip80
\f@nch@height=\skip81
\f@nch@footalignment=\skip82
\f@nch@widthL=\skip83
\f@nch@widthC=\skip84
\f@nch@widthR=\skip85
\@temptokenb=\toks35
) (c:/Users/STALYN/AppData/Roaming/TinyTeX/texmf-dist/tex/latex/colortbl/colortbl.sty
Package: colortbl 2026/05/01 v1.0l Color table columns (DPC)
\everycr=\toks36
\minrowclearance=\skip86
\rownum=\count335
) (c:/Users/STALYN/AppData/Roaming/TinyTeX/texmf-dist/tex/latex/multirow/multirow.sty
Package: multirow 2024/11/12 v2.9 Span multiple rows of a table
\multirow@colwidth=\skip87
\multirow@cntb=\count336
\multirow@dima=\skip88
\bigstrutjot=\dimen266
) (c:/Users/STALYN/AppData/Roaming/TinyTeX/texmf-dist/tex/latex/makecell/makecell.sty
Package: makecell 2009/08/03 V0.1e Managing of Tab Column Heads and Cells
\rotheadsize=\dimen267
\c@nlinenum=\count337
\TeXr@lab=\toks37
) (c:/Users/STALYN/AppData/Roaming/TinyTeX/texmf-dist/tex/latex/fvextra/fvextra.sty
Package: fvextra 2026/02/25 v1.14.0 fvextra - extensions and patches for fancyvrb
(c:/Users/STALYN/AppData/Roaming/TinyTeX/texmf-dist/tex/latex/lineno/lineno.sty
Package: lineno 2026/03/08 line numbers on paragraphs v5.9
(c:/Users/STALYN/AppData/Roaming/TinyTeX/texmf-dist/tex/latex/kvoptions/kvoptions.sty
Package: kvoptions 2022-06-15 v3.15 Key value format for package options (HO)
(c:/Users/STALYN/AppData/Roaming/TinyTeX/texmf-dist/tex/generic/ltxcmds/ltxcmds.sty
Package: ltxcmds 2023-12-04 v1.26 LaTeX kernel commands for general use (HO)
) (c:/Users/STALYN/AppData/Roaming/TinyTeX/texmf-dist/tex/latex/kvsetkeys/kvsetkeys.sty
Package: kvsetkeys 2022-10-05 v1.19 Key value parser (HO)
))
\linenopenalty=\count338
\output=\toks38
\linenoprevgraf=\count339
\linenumbersep=\dimen268
\linenumberwidth=\dimen269
\c@linenumber=\count340
\c@pagewiselinenumber=\count341
\c@LN@truepage=\count342
\c@internallinenumber=\count343
\c@internallinenumbers=\count344
\quotelinenumbersep=\dimen270
\bframerule=\dimen271
\bframesep=\dimen272
\bframebox=\box67
\@LN@amsmath@ams@eqpen=\count345
)
\c@FancyVerbWriteLine=\count346
\c@FancyVerbBufferLine=\count347
\c@FV@TrueTabGroupLevel=\count348
\c@FV@TrueTabCounter=\count349
\FV@TabBox@Group=\box68
\FV@bgcolorstructbox=\box69
\FV@TmpLength=\skip89
\c@FV@HighlightLinesStart=\count350
\c@FV@HighlightLinesStop=\count351
\FV@LoopCount=\count352
\FV@NCharsBox=\box70
\FV@BreakIndent=\dimen273
\FV@BreakIndentNChars=\count353
\FV@BreakSymbolSepLeft=\dimen274
\FV@BreakSymbolSepLeftNChars=\count354
\FV@BreakSymbolSepRight=\dimen275
\FV@BreakSymbolSepRightNChars=\count355
\FV@BreakSymbolIndentLeft=\dimen276
\FV@BreakSymbolIndentLeftNChars=\count356
\FV@BreakSymbolIndentRight=\dimen277
\FV@BreakSymbolIndentRightNChars=\count357
\c@FancyVerbLineBreakLast=\count358
\FV@LineBox=\box71
\FV@LineIndentBox=\box72
\c@FV@BreakBufferDepth=\count359
\FV@LineWidth=\dimen278
) (c:/Users/STALYN/AppData/Roaming/TinyTeX/texmf-dist/tex/latex/tcolorbox/tcolorbox.sty
Package: tcolorbox 2025/11/28 version 6.9.0 text color boxes
(c:/Users/STALYN/AppData/Roaming/TinyTeX/texmf-dist/tex/latex/pgf/frontendlayer/tikz.sty (c:/Users/STALYN/AppData/Roaming/TinyTeX/texmf-dist/tex/latex/pgf/basiclayer/pgf.sty (c:/Users/STALYN/AppData/Roaming/TinyTeX/texmf-dist/tex/latex/pgf/utilities/pgfrcs.sty (c:/Users/STALYN/AppData/Roaming/TinyTeX/texmf-dist/tex/generic/pgf/utilities/pgfutil-common.tex
\pgfutil@everybye=\toks39
\pgfutil@tempdima=\dimen279
\pgfutil@tempdimb=\dimen280
) (c:/Users/STALYN/AppData/Roaming/TinyTeX/texmf-dist/tex/generic/pgf/utilities/pgfutil-latex.def
\pgfutil@abb=\box73
) (c:/Users/STALYN/AppData/Roaming/TinyTeX/texmf-dist/tex/generic/pgf/utilities/pgfrcs.code.tex (c:/Users/STALYN/AppData/Roaming/TinyTeX/texmf-dist/tex/generic/pgf/pgf.revision.tex)
Package: pgfrcs 2025-08-29 v3.1.11a (3.1.11a)
))
Package: pgf 2025-08-29 v3.1.11a (3.1.11a)
(c:/Users/STALYN/AppData/Roaming/TinyTeX/texmf-dist/tex/latex/pgf/basiclayer/pgfcore.sty (c:/Users/STALYN/AppData/Roaming/TinyTeX/texmf-dist/tex/latex/pgf/systemlayer/pgfsys.sty (c:/Users/STALYN/AppData/Roaming/TinyTeX/texmf-dist/tex/generic/pgf/systemlayer/pgfsys.code.tex
Package: pgfsys 2025-08-29 v3.1.11a (3.1.11a)
(c:/Users/STALYN/AppData/Roaming/TinyTeX/texmf-dist/tex/generic/pgf/utilities/pgfkeys.code.tex
\pgfkeys@pathtoks=\toks40
\pgfkeys@temptoks=\toks41
(c:/Users/STALYN/AppData/Roaming/TinyTeX/texmf-dist/tex/generic/pgf/utilities/pgfkeyslibraryfiltered.code.tex
\pgfkeys@tmptoks=\toks42
))
\pgf@x=\dimen281
\pgf@y=\dimen282
\pgf@xa=\dimen283
\pgf@ya=\dimen284
\pgf@xb=\dimen285
\pgf@yb=\dimen286
\pgf@xc=\dimen287
\pgf@yc=\dimen288
\pgf@xd=\dimen289
\pgf@yd=\dimen290
\w@pgf@writea=\write4
\r@pgf@reada=\read4
\c@pgf@counta=\count360
\c@pgf@countb=\count361
\c@pgf@countc=\count362
\c@pgf@countd=\count363
\t@pgf@toka=\toks43
\t@pgf@tokb=\toks44
\t@pgf@tokc=\toks45
\pgf@sys@id@count=\count364
(c:/Users/STALYN/AppData/Roaming/TinyTeX/texmf-dist/tex/generic/pgf/systemlayer/pgf.cfg
File: pgf.cfg 2025-08-29 v3.1.11a (3.1.11a)
)
Driver file for pgf: pgfsys-xetex.def
(c:/Users/STALYN/AppData/Roaming/TinyTeX/texmf-dist/tex/generic/pgf/systemlayer/pgfsys-xetex.def
File: pgfsys-xetex.def 2025-08-29 v3.1.11a (3.1.11a)
(c:/Users/STALYN/AppData/Roaming/TinyTeX/texmf-dist/tex/generic/pgf/systemlayer/pgfsys-dvipdfmx.def
File: pgfsys-dvipdfmx.def 2025-08-29 v3.1.11a (3.1.11a)
(c:/Users/STALYN/AppData/Roaming/TinyTeX/texmf-dist/tex/generic/pgf/systemlayer/pgfsys-common-pdf.def
File: pgfsys-common-pdf.def 2025-08-29 v3.1.11a (3.1.11a)
)
\pgfsys@objnum=\count365
))) (c:/Users/STALYN/AppData/Roaming/TinyTeX/texmf-dist/tex/generic/pgf/systemlayer/pgfsyssoftpath.code.tex
File: pgfsyssoftpath.code.tex 2025-08-29 v3.1.11a (3.1.11a)
\pgfsyssoftpath@smallbuffer@items=\count366
\pgfsyssoftpath@bigbuffer@items=\count367
) (c:/Users/STALYN/AppData/Roaming/TinyTeX/texmf-dist/tex/generic/pgf/systemlayer/pgfsysprotocol.code.tex
File: pgfsysprotocol.code.tex 2025-08-29 v3.1.11a (3.1.11a)
)) (c:/Users/STALYN/AppData/Roaming/TinyTeX/texmf-dist/tex/generic/pgf/basiclayer/pgfcore.code.tex
Package: pgfcore 2025-08-29 v3.1.11a (3.1.11a)
(c:/Users/STALYN/AppData/Roaming/TinyTeX/texmf-dist/tex/generic/pgf/math/pgfmath.code.tex (c:/Users/STALYN/AppData/Roaming/TinyTeX/texmf-dist/tex/generic/pgf/math/pgfmathutil.code.tex) (c:/Users/STALYN/AppData/Roaming/TinyTeX/texmf-dist/tex/generic/pgf/math/pgfmathparser.code.tex
\pgfmath@dimen=\dimen291
\pgfmath@count=\count368
\pgfmath@box=\box74
\pgfmath@toks=\toks46
\pgfmath@stack@operand=\toks47
\pgfmath@stack@operation=\toks48
) (c:/Users/STALYN/AppData/Roaming/TinyTeX/texmf-dist/tex/generic/pgf/math/pgfmathfunctions.code.tex) (c:/Users/STALYN/AppData/Roaming/TinyTeX/texmf-dist/tex/generic/pgf/math/pgfmathfunctions.basic.code.tex) (c:/Users/STALYN/AppData/Roaming/TinyTeX/texmf-dist/tex/generic/pgf/math/pgfmathfunctions.trigonometric.code.tex) (c:/Users/STALYN/AppData/Roaming/TinyTeX/texmf-dist/tex/generic/pgf/math/pgfmathfunctions.random.code.tex) (c:/Users/STALYN/AppData/Roaming/TinyTeX/texmf-dist/tex/generic/pgf/math/pgfmathfunctions.comparison.code.tex) (c:/Users/STALYN/AppData/Roaming/TinyTeX/texmf-dist/tex/generic/pgf/math/pgfmathfunctions.base.code.tex) (c:/Users/STALYN/AppData/Roaming/TinyTeX/texmf-dist/tex/generic/pgf/math/pgfmathfunctions.round.code.tex) (c:/Users/STALYN/AppData/Roaming/TinyTeX/texmf-dist/tex/generic/pgf/math/pgfmathfunctions.misc.code.tex) (c:/Users/STALYN/AppData/Roaming/TinyTeX/texmf-dist/tex/generic/pgf/math/pgfmathfunctions.integerarithmetics.code.tex) (c:/Users/STALYN/AppData/Roaming/TinyTeX/texmf-dist/tex/generic/pgf/math/pgfmathcalc.code.tex) (c:/Users/STALYN/AppData/Roaming/TinyTeX/texmf-dist/tex/generic/pgf/math/pgfmathfloat.code.tex
\c@pgfmathroundto@lastzeros=\count369
)) (c:/Users/STALYN/AppData/Roaming/TinyTeX/texmf-dist/tex/generic/pgf/math/pgfint.code.tex) (c:/Users/STALYN/AppData/Roaming/TinyTeX/texmf-dist/tex/generic/pgf/basiclayer/pgfcorepoints.code.tex
File: pgfcorepoints.code.tex 2025-08-29 v3.1.11a (3.1.11a)
\pgf@picminx=\dimen292
\pgf@picmaxx=\dimen293
\pgf@picminy=\dimen294
\pgf@picmaxy=\dimen295
\pgf@pathminx=\dimen296
\pgf@pathmaxx=\dimen297
\pgf@pathminy=\dimen298
\pgf@pathmaxy=\dimen299
\pgf@xx=\dimen300
\pgf@xy=\dimen301
\pgf@yx=\dimen302
\pgf@yy=\dimen303
\pgf@zx=\dimen304
\pgf@zy=\dimen305
) (c:/Users/STALYN/AppData/Roaming/TinyTeX/texmf-dist/tex/generic/pgf/basiclayer/pgfcorepathconstruct.code.tex
File: pgfcorepathconstruct.code.tex 2025-08-29 v3.1.11a (3.1.11a)
\pgf@path@lastx=\dimen306
\pgf@path@lasty=\dimen307
) (c:/Users/STALYN/AppData/Roaming/TinyTeX/texmf-dist/tex/generic/pgf/basiclayer/pgfcorepathusage.code.tex
File: pgfcorepathusage.code.tex 2025-08-29 v3.1.11a (3.1.11a)
\pgf@shorten@end@additional=\dimen308
\pgf@shorten@start@additional=\dimen309
) (c:/Users/STALYN/AppData/Roaming/TinyTeX/texmf-dist/tex/generic/pgf/basiclayer/pgfcorescopes.code.tex
File: pgfcorescopes.code.tex 2025-08-29 v3.1.11a (3.1.11a)
\pgfpic=\box75
\pgf@hbox=\box76
\pgf@layerbox@main=\box77
\pgf@picture@serial@count=\count370
) (c:/Users/STALYN/AppData/Roaming/TinyTeX/texmf-dist/tex/generic/pgf/basiclayer/pgfcoregraphicstate.code.tex
File: pgfcoregraphicstate.code.tex 2025-08-29 v3.1.11a (3.1.11a)
\pgflinewidth=\dimen310
) (c:/Users/STALYN/AppData/Roaming/TinyTeX/texmf-dist/tex/generic/pgf/basiclayer/pgfcoretransformations.code.tex
File: pgfcoretransformations.code.tex 2025-08-29 v3.1.11a (3.1.11a)
\pgf@pt@x=\dimen311
\pgf@pt@y=\dimen312
\pgf@pt@temp=\dimen313
) (c:/Users/STALYN/AppData/Roaming/TinyTeX/texmf-dist/tex/generic/pgf/basiclayer/pgfcorequick.code.tex
File: pgfcorequick.code.tex 2025-08-29 v3.1.11a (3.1.11a)
) (c:/Users/STALYN/AppData/Roaming/TinyTeX/texmf-dist/tex/generic/pgf/basiclayer/pgfcoreobjects.code.tex
File: pgfcoreobjects.code.tex 2025-08-29 v3.1.11a (3.1.11a)
) (c:/Users/STALYN/AppData/Roaming/TinyTeX/texmf-dist/tex/generic/pgf/basiclayer/pgfcorepathprocessing.code.tex
File: pgfcorepathprocessing.code.tex 2025-08-29 v3.1.11a (3.1.11a)
) (c:/Users/STALYN/AppData/Roaming/TinyTeX/texmf-dist/tex/generic/pgf/basiclayer/pgfcorearrows.code.tex
File: pgfcorearrows.code.tex 2025-08-29 v3.1.11a (3.1.11a)
\pgfarrowsep=\dimen314
) (c:/Users/STALYN/AppData/Roaming/TinyTeX/texmf-dist/tex/generic/pgf/basiclayer/pgfcoreshade.code.tex
File: pgfcoreshade.code.tex 2025-08-29 v3.1.11a (3.1.11a)
\pgf@max=\dimen315
\pgf@sys@shading@range@num=\count371
\pgf@shadingcount=\count372
) (c:/Users/STALYN/AppData/Roaming/TinyTeX/texmf-dist/tex/generic/pgf/basiclayer/pgfcoreimage.code.tex
File: pgfcoreimage.code.tex 2025-08-29 v3.1.11a (3.1.11a)
) (c:/Users/STALYN/AppData/Roaming/TinyTeX/texmf-dist/tex/generic/pgf/basiclayer/pgfcoreexternal.code.tex
File: pgfcoreexternal.code.tex 2025-08-29 v3.1.11a (3.1.11a)
\pgfexternal@startupbox=\box78
) (c:/Users/STALYN/AppData/Roaming/TinyTeX/texmf-dist/tex/generic/pgf/basiclayer/pgfcorelayers.code.tex
File: pgfcorelayers.code.tex 2025-08-29 v3.1.11a (3.1.11a)
) (c:/Users/STALYN/AppData/Roaming/TinyTeX/texmf-dist/tex/generic/pgf/basiclayer/pgfcoretransparency.code.tex
File: pgfcoretransparency.code.tex 2025-08-29 v3.1.11a (3.1.11a)
) (c:/Users/STALYN/AppData/Roaming/TinyTeX/texmf-dist/tex/generic/pgf/basiclayer/pgfcorepatterns.code.tex
File: pgfcorepatterns.code.tex 2025-08-29 v3.1.11a (3.1.11a)
) (c:/Users/STALYN/AppData/Roaming/TinyTeX/texmf-dist/tex/generic/pgf/basiclayer/pgfcorerdf.code.tex
File: pgfcorerdf.code.tex 2025-08-29 v3.1.11a (3.1.11a)
))) (c:/Users/STALYN/AppData/Roaming/TinyTeX/texmf-dist/tex/generic/pgf/modules/pgfmoduleshapes.code.tex
File: pgfmoduleshapes.code.tex 2025-08-29 v3.1.11a (3.1.11a)
\pgfnodeparttextbox=\box79
) (c:/Users/STALYN/AppData/Roaming/TinyTeX/texmf-dist/tex/generic/pgf/modules/pgfmoduleplot.code.tex
File: pgfmoduleplot.code.tex 2025-08-29 v3.1.11a (3.1.11a)
) (c:/Users/STALYN/AppData/Roaming/TinyTeX/texmf-dist/tex/latex/pgf/compatibility/pgfcomp-version-0-65.sty
Package: pgfcomp-version-0-65 2025-08-29 v3.1.11a (3.1.11a)
\pgf@nodesepstart=\dimen316
\pgf@nodesepend=\dimen317
) (c:/Users/STALYN/AppData/Roaming/TinyTeX/texmf-dist/tex/latex/pgf/compatibility/pgfcomp-version-1-18.sty
Package: pgfcomp-version-1-18 2025-08-29 v3.1.11a (3.1.11a)
)) (c:/Users/STALYN/AppData/Roaming/TinyTeX/texmf-dist/tex/latex/pgf/utilities/pgffor.sty (c:/Users/STALYN/AppData/Roaming/TinyTeX/texmf-dist/tex/latex/pgf/utilities/pgfkeys.sty (c:/Users/STALYN/AppData/Roaming/TinyTeX/texmf-dist/tex/generic/pgf/utilities/pgfkeys.code.tex)) (c:/Users/STALYN/AppData/Roaming/TinyTeX/texmf-dist/tex/latex/pgf/math/pgfmath.sty (c:/Users/STALYN/AppData/Roaming/TinyTeX/texmf-dist/tex/generic/pgf/math/pgfmath.code.tex)) (c:/Users/STALYN/AppData/Roaming/TinyTeX/texmf-dist/tex/generic/pgf/utilities/pgffor.code.tex
Package: pgffor 2025-08-29 v3.1.11a (3.1.11a)
\pgffor@iter=\dimen318
\pgffor@skip=\dimen319
\pgffor@stack=\toks49
\pgffor@toks=\toks50
)) (c:/Users/STALYN/AppData/Roaming/TinyTeX/texmf-dist/tex/generic/pgf/frontendlayer/tikz/tikz.code.tex
Package: tikz 2025-08-29 v3.1.11a (3.1.11a)
(c:/Users/STALYN/AppData/Roaming/TinyTeX/texmf-dist/tex/generic/pgf/libraries/pgflibraryplothandlers.code.tex
File: pgflibraryplothandlers.code.tex 2025-08-29 v3.1.11a (3.1.11a)
\pgf@plot@mark@count=\count373
\pgfplotmarksize=\dimen320
)
\tikz@lastx=\dimen321
\tikz@lasty=\dimen322
\tikz@lastxsaved=\dimen323
\tikz@lastysaved=\dimen324
\tikz@lastmovetox=\dimen325
\tikz@lastmovetoy=\dimen326
\tikzleveldistance=\dimen327
\tikzsiblingdistance=\dimen328
\tikz@figbox=\box80
\tikz@figbox@bg=\box81
\tikz@tempbox=\box82
\tikz@tempbox@bg=\box83
\tikztreelevel=\count374
\tikznumberofchildren=\count375
\tikznumberofcurrentchild=\count376
\tikz@fig@count=\count377
(c:/Users/STALYN/AppData/Roaming/TinyTeX/texmf-dist/tex/generic/pgf/modules/pgfmodulematrix.code.tex
File: pgfmodulematrix.code.tex 2025-08-29 v3.1.11a (3.1.11a)
\pgfmatrixcurrentrow=\count378
\pgfmatrixcurrentcolumn=\count379
\pgf@matrix@numberofcolumns=\count380
)
\tikz@expandcount=\count381
(c:/Users/STALYN/AppData/Roaming/TinyTeX/texmf-dist/tex/generic/pgf/frontendlayer/tikz/libraries/tikzlibrarytopaths.code.tex
File: tikzlibrarytopaths.code.tex 2025-08-29 v3.1.11a (3.1.11a)
))) (c:/Users/STALYN/AppData/Roaming/TinyTeX/texmf-dist/tex/latex/tools/verbatim.sty
Package: verbatim 2024-01-22 v1.5x LaTeX2e package for verbatim enhancements
\every@verbatim=\toks51
\verbatim@line=\toks52
\verbatim@in@stream=\read5
) (c:/Users/STALYN/AppData/Roaming/TinyTeX/texmf-dist/tex/latex/environ/environ.sty
Package: environ 2014/05/04 v0.3 A new way to define environments
(c:/Users/STALYN/AppData/Roaming/TinyTeX/texmf-dist/tex/latex/trimspaces/trimspaces.sty
Package: trimspaces 2009/09/17 v1.1 Trim spaces around a token list
))
\tcb@titlebox=\box84
\tcb@upperbox=\box85
\tcb@lowerbox=\box86
\tcb@phantombox=\box87
\c@tcbbreakpart=\count382
\c@tcblayer=\count383
\c@tcolorbox@number=\count384
\l__tcobox_tmpa_box=\box88
\l__tcobox_tmpa_dim=\dimen329
\tcb@temp=\box89
\tcb@temp=\box90
\tcb@temp=\box91
\tcb@temp=\box92
(c:/Users/STALYN/AppData/Roaming/TinyTeX/texmf-dist/tex/latex/tcolorbox/tcbraster.code.tex
Library (tcolorbox): 'tcbraster.code.tex' version '6.9.0'
\c@tcbrastercolumn=\count385
\c@tcbrasterrow=\count386
\c@tcbrasternum=\count387
\c@tcbraster=\count388
) (c:/Users/STALYN/AppData/Roaming/TinyTeX/texmf-dist/tex/latex/tcolorbox/tcbskins.code.tex
Library (tcolorbox): 'tcbskins.code.tex' version '6.9.0'
(c:/Users/STALYN/AppData/Roaming/TinyTeX/texmf-dist/tex/latex/tikzfill/tikzfill.image.sty
Package: tikzfill.image 2026/04/23 v1.2.0 Image filling library for TikZ
(c:/Users/STALYN/AppData/Roaming/TinyTeX/texmf-dist/tex/latex/tikzfill/tikzlibraryfill.image.code.tex
File: tikzlibraryfill.image.code.tex 2026/04/23 v1.2.0 Image filling library
\l__tikzfill_tmpa_dim=\dimen330
\l__tikzfill_tmpb_dim=\dimen331
\l__tikzfill_img_box=\box93
)) (c:/Users/STALYN/AppData/Roaming/TinyTeX/texmf-dist/tex/latex/tcolorbox/tcbskinsjigsaw.code.tex
Library (tcolorbox): 'tcbskinsjigsaw.code.tex' version '6.9.0'
)) (c:/Users/STALYN/AppData/Roaming/TinyTeX/texmf-dist/tex/latex/tcolorbox/tcbbreakable.code.tex
Library (tcolorbox): 'tcbbreakable.code.tex' version '6.9.0'
(c:/Users/STALYN/AppData/Roaming/TinyTeX/texmf-dist/tex/latex/pdfcol/pdfcol.sty
Package: pdfcol 2022-09-21 v1.7 Handle new color stacks for pdfTeX (HO)
(c:/Users/STALYN/AppData/Roaming/TinyTeX/texmf-dist/tex/generic/infwarerr/infwarerr.sty
Package: infwarerr 2019/12/03 v1.5 Providing info/warning/error messages (HO)
)
Package pdfcol Info: Interface disabled because of missing PDF mode of pdfTeX.
)
Package pdfcol Info: pdfTeX's color stacks are not available.
\tcb@testbox=\box94
\tcb@totalupperbox=\box95
\tcb@totallowerbox=\box96
) (c:/Users/STALYN/AppData/Roaming/TinyTeX/texmf-dist/tex/latex/tcolorbox/tcbhooks.code.tex
Library (tcolorbox): 'tcbhooks.code.tex' version '6.9.0'
) (c:/Users/STALYN/AppData/Roaming/TinyTeX/texmf-dist/tex/latex/tcolorbox/tcbtheorems.code.tex
Library (tcolorbox): 'tcbtheorems.code.tex' version '6.9.0'
) (c:/Users/STALYN/AppData/Roaming/TinyTeX/texmf-dist/tex/latex/tcolorbox/tcbfitting.code.tex
Library (tcolorbox): 'tcbfitting.code.tex' version '6.9.0'
\tcbfitdim=\dimen332
\tcb@lowerfitdim=\dimen333
\tcb@upperfitdim=\dimen334
\tcb@cur@hbadness=\count389
) (c:/Users/STALYN/AppData/Roaming/TinyTeX/texmf-dist/tex/latex/tcolorbox/tcblistingsutf8.code.tex
Library (tcolorbox): 'tcblistingsutf8.code.tex' version '6.9.0'
(c:/Users/STALYN/AppData/Roaming/TinyTeX/texmf-dist/tex/latex/tcolorbox/tcblistings.code.tex
Library (tcolorbox): 'tcblistings.code.tex' version '6.9.0'
(c:/Users/STALYN/AppData/Roaming/TinyTeX/texmf-dist/tex/latex/listings/listings.sty
\lst@mode=\count390
\lst@gtempboxa=\box97
\lst@token=\toks53
\lst@length=\count391
\lst@currlwidth=\dimen335
\lst@column=\count392
\lst@pos=\count393
\lst@lostspace=\dimen336
\lst@width=\dimen337
\lst@newlines=\count394
\lst@lineno=\count395
\lst@maxwidth=\dimen338
(c:/Users/STALYN/AppData/Roaming/TinyTeX/texmf-dist/tex/latex/listings/lstpatch.sty
File: lstpatch.sty 2025/11/14 1.11b (Carsten Heinz)
) (c:/Users/STALYN/AppData/Roaming/TinyTeX/texmf-dist/tex/latex/listings/lstmisc.sty
File: lstmisc.sty 2025/11/14 1.11b (Carsten Heinz)
\c@lstnumber=\count396
\lst@skipnumbers=\count397
\lst@framebox=\box98
) (c:/Users/STALYN/AppData/Roaming/TinyTeX/texmf-dist/tex/latex/listings/listings.cfg
File: listings.cfg 2025/11/14 1.11b listings configuration
))
Package: listings 2025/11/14 1.11b (Carsten Heinz)
==> First Aid for listings.sty no longer applied!
    Expected:
        2024/09/23 1.10c (Carsten Heinz)
    but found:
        2025/11/14 1.11b (Carsten Heinz)
    so I'm assuming it got fixed.
(c:/Users/STALYN/AppData/Roaming/TinyTeX/texmf-dist/tex/latex/tcolorbox/tcblistingscore.code.tex
Library (tcolorbox): 'tcblistingscore.code.tex' version '6.9.0'
(c:/Users/STALYN/AppData/Roaming/TinyTeX/texmf-dist/tex/latex/tcolorbox/tcbprocessing.code.tex
Library (tcolorbox): 'tcbprocessing.code.tex' version '6.9.0'
)
\c@tcblisting=\count398
))
Package tcolorbox Info: Library `listingsutf8' is compatible with pdftex only. Library `listings` is loaded instead. on input line 29.
) (c:/Users/STALYN/AppData/Roaming/TinyTeX/texmf-dist/tex/latex/tcolorbox/tcbexternal.code.tex
Library (tcolorbox): 'tcbexternal.code.tex' version '6.9.0'
) (c:/Users/STALYN/AppData/Roaming/TinyTeX/texmf-dist/tex/latex/tcolorbox/tcbmagazine.code.tex
Library (tcolorbox): 'tcbmagazine.code.tex' version '6.9.0'
) (c:/Users/STALYN/AppData/Roaming/TinyTeX/texmf-dist/tex/latex/tcolorbox/tcbvignette.code.tex
Library (tcolorbox): 'tcbvignette.code.tex' version '6.9.0'
(c:/Users/STALYN/AppData/Roaming/TinyTeX/texmf-dist/tex/generic/pgf/frontendlayer/tikz/libraries/tikzlibraryfadings.code.tex
File: tikzlibraryfadings.code.tex 2025-08-29 v3.1.11a (3.1.11a)
(c:/Users/STALYN/AppData/Roaming/TinyTeX/texmf-dist/tex/generic/pgf/libraries/pgflibraryfadings.code.tex
File: pgflibraryfadings.code.tex 2025-08-29 v3.1.11a (3.1.11a)
))) (c:/Users/STALYN/AppData/Roaming/TinyTeX/texmf-dist/tex/latex/tcolorbox/tcbposter.code.tex
Library (tcolorbox): 'tcbposter.code.tex' version '6.9.0'
)) (c:/Users/STALYN/AppData/Roaming/TinyTeX/texmf-dist/tex/latex/caption/caption.sty
Package: caption 2023/08/05 v3.6o Customizing captions (AR)
(c:/Users/STALYN/AppData/Roaming/TinyTeX/texmf-dist/tex/latex/caption/caption3.sty
Package: caption3 2023/07/31 v2.4d caption3 kernel (AR)
\caption@tempdima=\dimen339
\captionmargin=\dimen340
\caption@leftmargin=\dimen341
\caption@rightmargin=\dimen342
\caption@width=\dimen343
\caption@indent=\dimen344
\caption@parindent=\dimen345
\caption@hangindent=\dimen346
Package caption Info: Standard document class detected.
)
\c@caption@flags=\count399
\c@continuedfloat=\count400
Package caption Info: listings package is loaded.
Package caption Info: longtable package is loaded.
(c:/Users/STALYN/AppData/Roaming/TinyTeX/texmf-dist/tex/latex/caption/ltcaption.sty
Package: ltcaption 2021/01/08 v1.4c longtable captions (AR)
)) (c:/Users/STALYN/AppData/Roaming/TinyTeX/texmf-dist/tex/latex/hyperref/hyperref.sty
Package: hyperref 2026-04-24 v7.01q Hypertext links for LaTeX
(c:/Users/STALYN/AppData/Roaming/TinyTeX/texmf-dist/tex/generic/kvdefinekeys/kvdefinekeys.sty
Package: kvdefinekeys 2019-12-19 v1.6 Define keys (HO)
) (c:/Users/STALYN/AppData/Roaming/TinyTeX/texmf-dist/tex/generic/pdfescape/pdfescape.sty
Package: pdfescape 2019/12/09 v1.15 Implements pdfTeX's escape features (HO)
(c:/Users/STALYN/AppData/Roaming/TinyTeX/texmf-dist/tex/generic/pdftexcmds/pdftexcmds.sty
Package: pdftexcmds 2020-06-27 v0.33 Utility functions of pdfTeX for LuaTeX (HO)
Package pdftexcmds Info: \pdf@primitive is available.
Package pdftexcmds Info: \pdf@ifprimitive is available.
Package pdftexcmds Info: \pdfdraftmode not found.
)) (c:/Users/STALYN/AppData/Roaming/TinyTeX/texmf-dist/tex/latex/hycolor/hycolor.sty
Package: hycolor 2020-01-27 v1.10 Color options for hyperref/bookmark (HO)
) (c:/Users/STALYN/AppData/Roaming/TinyTeX/texmf-dist/tex/latex/hyperref/nameref.sty
Package: nameref 2026-01-29 v2.58 Cross-referencing by name of section
(c:/Users/STALYN/AppData/Roaming/TinyTeX/texmf-dist/tex/latex/refcount/refcount.sty
Package: refcount 2019/12/15 v3.6 Data extraction from label references (HO)
) (c:/Users/STALYN/AppData/Roaming/TinyTeX/texmf-dist/tex/generic/gettitlestring/gettitlestring.sty
Package: gettitlestring 2019/12/15 v1.6 Cleanup title references (HO)
)
\c@section@level=\count401
) (c:/Users/STALYN/AppData/Roaming/TinyTeX/texmf-dist/tex/generic/stringenc/stringenc.sty
Package: stringenc 2019/11/29 v1.12 Convert strings between diff. encodings (HO)
)
\@linkdim=\dimen347
\Hy@linkcounter=\count402
\Hy@pagecounter=\count403
(c:/Users/STALYN/AppData/Roaming/TinyTeX/texmf-dist/tex/latex/hyperref/pd1enc.def
File: pd1enc.def 2026-04-24 v7.01q Hyperref: PDFDocEncoding definition (HO)
) (c:/Users/STALYN/AppData/Roaming/TinyTeX/texmf-dist/tex/generic/intcalc/intcalc.sty
Package: intcalc 2019/12/15 v1.3 Expandable calculations with integers (HO)
)
\Hy@SavedSpaceFactor=\count404
(c:/Users/STALYN/AppData/Roaming/TinyTeX/texmf-dist/tex/latex/hyperref/puenc.def
File: puenc.def 2026-04-24 v7.01q Hyperref: PDF Unicode definition (HO)
)
Package hyperref Info: Option `unicode' set `true' on input line 4070.
Package hyperref Info: Hyper figures OFF on input line 4199.
Package hyperref Info: Link nesting OFF on input line 4204.
Package hyperref Info: Hyper index ON on input line 4207.
Package hyperref Info: Plain pages OFF on input line 4214.
Package hyperref Info: Backreferencing OFF on input line 4219.
Package hyperref Info: Implicit mode ON; LaTeX internals redefined.
Package hyperref Info: Bookmarks ON on input line 4466.
\c@Hy@tempcnt=\count405
(c:/Users/STALYN/AppData/Roaming/TinyTeX/texmf-dist/tex/latex/url/url.sty
\Urlmuskip=\muskip19
Package: url 2013/09/16  ver 3.4  Verb mode for urls, etc.
)
LaTeX Info: Redefining \url on input line 4805.
\XeTeXLinkMargin=\dimen348
(c:/Users/STALYN/AppData/Roaming/TinyTeX/texmf-dist/tex/generic/bitset/bitset.sty
Package: bitset 2019/12/09 v1.3 Handle bit-vector datatype (HO)
(c:/Users/STALYN/AppData/Roaming/TinyTeX/texmf-dist/tex/generic/bigintcalc/bigintcalc.sty
Package: bigintcalc 2019/12/15 v1.5 Expandable calculations on big integers (HO)
))
\Fld@menulength=\count406
\Field@Width=\dimen349
\Fld@charsize=\dimen350
Package hyperref Info: Hyper figures OFF on input line 6091.
Package hyperref Info: Link nesting OFF on input line 6096.
Package hyperref Info: Hyper index ON on input line 6099.
Package hyperref Info: backreferencing OFF on input line 6106.
Package hyperref Info: Link coloring OFF on input line 6111.
Package hyperref Info: Link coloring with OCG OFF on input line 6116.
Package hyperref Info: PDF/A mode OFF on input line 6121.
\Hy@abspage=\count407
\c@Item=\count408
\c@Hfootnote=\count409
)
Package hyperref Info: Driver (autodetected): hxetex.
(c:/Users/STALYN/AppData/Roaming/TinyTeX/texmf-dist/tex/latex/hyperref/hxetex.def
File: hxetex.def 2026-04-24 v7.01q Hyperref driver for XeTeX
\pdfm@box=\box99
\c@Hy@AnnotLevel=\count410
\HyField@AnnotCount=\count411
\Fld@listcount=\count412
\c@bookmark@seq@number=\count413
(c:/Users/STALYN/AppData/Roaming/TinyTeX/texmf-dist/tex/latex/rerunfilecheck/rerunfilecheck.sty
Package: rerunfilecheck 2025-06-21 v1.11 Rerun checks for auxiliary files (HO)
(c:/Users/STALYN/AppData/Roaming/TinyTeX/texmf-dist/tex/generic/uniquecounter/uniquecounter.sty
Package: uniquecounter 2019/12/15 v1.4 Provide unlimited unique counter (HO)
)
Package uniquecounter Info: New unique counter `rerunfilecheck' on input line 284.
)
\Hy@SectionHShift=\skip90
)
Package hyperref Info: Option `colorlinks' set `true' on input line 330.
(c:/Users/STALYN/AppData/Roaming/TinyTeX/texmf-dist/tex/latex/enumitem/enumitem.sty
Package: enumitem 2025/02/06 v3.11 Customized lists
\labelindent=\skip91
\enit@outerparindent=\dimen351
\enit@toks=\toks54
\enit@inbox=\box100
\enit@count@id=\count414
\enitdp@description=\count415
) (c:/Users/STALYN/AppData/Roaming/TinyTeX/texmf-dist/tex/latex/algorithm2e/algorithm2e.sty
Invalid UTF-8 byte or sequence at line 284 replaced by U+FFFD.
Invalid UTF-8 byte or sequence at line 299 replaced by U+FFFD.
Invalid UTF-8 byte or sequence at line 550 replaced by U+FFFD.
Package: algorithm2e 2017/07/18 v5.2 algorithms environments
\c@AlgoLine=\count416
(c:/Users/STALYN/AppData/Roaming/TinyTeX/texmf-dist/tex/latex/base/ifthen.sty
Package: ifthen 2024/03/16 v1.1e Standard LaTeX ifthen package (DPC)
)
\algocf@hangindent=\skip92
(c:/Users/STALYN/AppData/Roaming/TinyTeX/texmf-dist/tex/latex/ifoddpage/ifoddpage.sty
Package: ifoddpage 2022/10/18 v1.2 Conditionals for odd/even page detection
\c@checkoddpage=\count417
) (c:/Users/STALYN/AppData/Roaming/TinyTeX/texmf-dist/tex/latex/tools/xspace.sty
Package: xspace 2014/10/28 v1.13 Space after command names (DPC,MH)
) (c:/Users/STALYN/AppData/Roaming/TinyTeX/texmf-dist/tex/latex/relsize/relsize.sty
Package: relsize 2013/03/29 ver 4.1
)
\skiptotal=\skip93
\skiplinenumber=\skip94
\skiprule=\skip95
\skiphlne=\skip96
\skiptext=\skip97
\skiplength=\skip98
\algomargin=\skip99
\skipalgocfslide=\skip100
\algowidth=\dimen352
\inoutsize=\dimen353
\inoutindent=\dimen354
\interspacetitleruled=\dimen355
\interspacealgoruled=\dimen356
\interspacetitleboxruled=\dimen357
\algocf@ruledwidth=\skip101
\algocf@inoutbox=\box101
\algocf@inputbox=\box102
\AlCapSkip=\skip102
\AlCapHSkip=\skip103
\algoskipindent=\skip104
\algocf@nlbox=\box103
\algocf@hangingbox=\box104
\algocf@untilbox=\box105
\algocf@skipuntil=\skip105
\algocf@capbox=\box106
\algocf@lcaptionbox=\skip106
\algoheightruledefault=\skip107
\algoheightrule=\skip108
\algotitleheightruledefault=\skip109
\algotitleheightrule=\skip110
\c@algocfline=\count418
\c@algocfproc=\count419
\c@algocf=\count420
\algocf@algoframe=\box107
\algocf@algobox=\box108
) (c:/Users/STALYN/AppData/Roaming/TinyTeX/texmf-dist/tex/latex/tocloft/tocloft.sty
Package: tocloft 2017/08/31 v2.3i parameterised ToC, etc., typesetting
Package tocloft Info: The document has chapter divisions on input line 51.
\cftparskip=\skip111
\cftbeforetoctitleskip=\skip112
\cftaftertoctitleskip=\skip113
\cftbeforepartskip=\skip114
\cftpartnumwidth=\skip115
\cftpartindent=\skip116
\cftbeforechapskip=\skip117
\cftchapindent=\skip118
\cftchapnumwidth=\skip119
\cftbeforesecskip=\skip120
\cftsecindent=\skip121
\cftsecnumwidth=\skip122
\cftbeforesubsecskip=\skip123
\cftsubsecindent=\skip124
\cftsubsecnumwidth=\skip125
\cftbeforesubsubsecskip=\skip126
\cftsubsubsecindent=\skip127
\cftsubsubsecnumwidth=\skip128
\cftbeforeparaskip=\skip129
\cftparaindent=\skip130
\cftparanumwidth=\skip131
\cftbeforesubparaskip=\skip132
\cftsubparaindent=\skip133
\cftsubparanumwidth=\skip134
\cftbeforeloftitleskip=\skip135
\cftafterloftitleskip=\skip136
\cftbeforefigskip=\skip137
\cftfigindent=\skip138
\cftfignumwidth=\skip139
\c@lofdepth=\count421
\c@lotdepth=\count422
\cftbeforelottitleskip=\skip140
\cftafterlottitleskip=\skip141
\cftbeforetabskip=\skip142
\cfttabindent=\skip143
\cfttabnumwidth=\skip144
) (c:/Users/STALYN/AppData/Roaming/TinyTeX/texmf-dist/tex/latex/bookmark/bookmark.sty
Package: bookmark 2023-12-10 v1.31 PDF bookmarks (HO)
(c:/Users/STALYN/AppData/Roaming/TinyTeX/texmf-dist/tex/latex/bookmark/bkm-dvipdfm.def
File: bkm-dvipdfm.def 2023-12-10 v1.31 bookmark driver for dvipdfm (HO)
\BKM@id=\count423
))
Package hyperref Info: Option `colorlinks' set `true' on input line 359.
(./MBP-ALC.aux
LaTeX Info: Redefining \. on input line 11.
LaTeX Info: Redefining \% on input line 11.
Package babel Info: 'spanish' activates 'spanish' shorthands.
(babel)             Reported on input line 11.
)
\openout1 = `MBP-ALC.aux'.

LaTeX Font Info:    Checking defaults for OML/cmm/m/it on input line 373.
LaTeX Font Info:    ... okay on input line 373.
LaTeX Font Info:    Checking defaults for OMS/cmsy/m/n on input line 373.
LaTeX Font Info:    ... okay on input line 373.
LaTeX Font Info:    Checking defaults for OT1/cmr/m/n on input line 373.
LaTeX Font Info:    ... okay on input line 373.
LaTeX Font Info:    Checking defaults for T1/cmr/m/n on input line 373.
LaTeX Font Info:    ... okay on input line 373.
LaTeX Font Info:    Checking defaults for TS1/cmr/m/n on input line 373.
LaTeX Font Info:    ... okay on input line 373.
LaTeX Font Info:    Checking defaults for TU/lmr/m/n on input line 373.
LaTeX Font Info:    ... okay on input line 373.
LaTeX Font Info:    Checking defaults for OMX/cmex/m/n on input line 373.
LaTeX Font Info:    ... okay on input line 373.
LaTeX Font Info:    Checking defaults for U/cmr/m/n on input line 373.
LaTeX Font Info:    ... okay on input line 373.
LaTeX Font Info:    Checking defaults for PD1/pdf/m/n on input line 373.
LaTeX Font Info:    ... okay on input line 373.
LaTeX Font Info:    Checking defaults for PU/pdf/m/n on input line 373.
LaTeX Font Info:    ... okay on input line 373.

Package unicode-math Warning: Using \overbracket and \underbracket from
(unicode-math)                `mathtools' package.
(unicode-math)                 
(unicode-math)                 Use \Uoverbracket and \Uunderbracket for
(unicode-math)                original `unicode-math' definition.


Package unicode-math Warning: I'm going to overwrite the following commands
(unicode-math)                from the `mathtools' package: 
(unicode-math)                 
(unicode-math)                     \dblcolon, \coloneqq, \Coloneqq, \eqqcolon.
(unicode-math)                
(unicode-math)                 
(unicode-math)                 Note that since I won't overwrite the other
(unicode-math)                colon-like commands, using them will lead to
(unicode-math)                inconsistencies.

LaTeX Info: Redefining \. on input line 373.
LaTeX Info: Redefining \% on input line 373.
*geometry* driver: auto-detecting
*geometry* detected driver: xetex
*geometry* verbose mode - [ preamble ] result:
* driver: xetex
* paper: <default>
* layout: <same size as paper>
* layoutoffset:(h,v)=(0.0pt,0.0pt)
* modes: twoside 
* h-part:(L,W,R)=(85.35826pt, 466.34077pt, 62.59596pt)
* v-part:(T,H,B)=(71.13188pt, 638.47984pt, 85.35826pt)
* \paperwidth=614.295pt
* \paperheight=794.96999pt
* \textwidth=466.34077pt
* \textheight=638.47984pt
* \oddsidemargin=13.08827pt
* \evensidemargin=-9.67403pt
* \topmargin=-32.20993pt
* \headheight=14.0pt
* \headsep=17.07182pt
* \topskip=10.0pt
* \footskip=25.29494pt
* \marginparwidth=125.0pt
* \marginparsep=7.0pt
* \columnsep=10.0pt
* \skip\footins=9.0pt plus 4.0pt minus 2.0pt
* \hoffset=0.0pt
* \voffset=0.0pt
* \mag=1000
* \@twocolumnfalse
* \@twosidetrue
* \@mparswitchtrue
* \@reversemarginfalse
* (1in=72.27pt=25.4mm, 1cm=28.453pt)

\c@lstlisting=\count424
Package caption Info: Begin \AtBeginDocument code.
Package caption Info: hyperref package is loaded.
Package caption Info: End \AtBeginDocument code.
Package hyperref Info: Link coloring ON on input line 373.
LaTeX Font Info:    Font shape `TU/Cambria(0)/m/n' will be
(Font)              scaled to size 17.28pt on input line 375.
LaTeX Font Info:    Font shape `TU/Cambria(0)/m/n' will be
(Font)              scaled to size 12.0pt on input line 375.
LaTeX Font Info:    Font shape `TU/CambriaMath(1)/m/n' will be
(Font)              scaled to size 12.0pt on input line 375.
LaTeX Font Info:    Font shape `TU/CambriaMath(1)/m/n' will be
(Font)              scaled to size 8.0pt on input line 375.
LaTeX Font Info:    Font shape `TU/CambriaMath(1)/m/n' will be
(Font)              scaled to size 6.0pt on input line 375.
LaTeX Font Info:    Trying to load font information for OML+lmm on input line 375.
(c:/Users/STALYN/AppData/Roaming/TinyTeX/texmf-dist/tex/latex/lm/omllmm.fd
File: omllmm.fd 2015/05/01 v1.6.1 Font defs for Latin Modern
)
LaTeX Font Info:    Font shape `TU/CambriaMath(2)/m/n' will be
(Font)              scaled to size 12.0011pt on input line 375.
LaTeX Font Info:    Font shape `TU/CambriaMath(2)/m/n' will be
(Font)              scaled to size 8.00073pt on input line 375.
LaTeX Font Info:    Font shape `TU/CambriaMath(2)/m/n' will be
(Font)              scaled to size 6.00055pt on input line 375.
LaTeX Font Info:    Font shape `TU/CambriaMath(3)/m/n' will be
(Font)              scaled to size 11.99872pt on input line 375.
LaTeX Font Info:    Font shape `TU/CambriaMath(3)/m/n' will be
(Font)              scaled to size 7.99915pt on input line 375.
LaTeX Font Info:    Font shape `TU/CambriaMath(3)/m/n' will be
(Font)              scaled to size 5.99936pt on input line 375.
LaTeX Font Info:    Trying to load font information for U+msa on input line 375.
(c:/Users/STALYN/AppData/Roaming/TinyTeX/texmf-dist/tex/latex/amsfonts/umsa.fd
File: umsa.fd 2013/01/14 v3.01 AMS symbols A
)
LaTeX Font Info:    Trying to load font information for U+msb on input line 375.
(c:/Users/STALYN/AppData/Roaming/TinyTeX/texmf-dist/tex/latex/amsfonts/umsb.fd
File: umsb.fd 2013/01/14 v3.01 AMS symbols B
)
LaTeX Font Info:    Font shape `TU/Cambria(0)/m/n' will be
(Font)              scaled to size 8.0pt on input line 375.
LaTeX Font Info:    Font shape `TU/Cambria(0)/m/n' will be
(Font)              scaled to size 9.0pt on input line 375.
LaTeX Font Info:    Font shape `TU/CambriaMath(1)/m/n' will be
(Font)              scaled to size 9.0pt on input line 375.
LaTeX Font Info:    Font shape `TU/CambriaMath(1)/m/n' will be
(Font)              scaled to size 5.0pt on input line 375.
LaTeX Font Info:    Font shape `TU/CambriaMath(2)/m/n' will be
(Font)              scaled to size 9.00082pt on input line 375.
LaTeX Font Info:    Font shape `TU/CambriaMath(2)/m/n' will be
(Font)              scaled to size 5.00046pt on input line 375.
LaTeX Font Info:    Font shape `TU/CambriaMath(3)/m/n' will be
(Font)              scaled to size 8.99904pt on input line 375.
LaTeX Font Info:    Font shape `TU/CambriaMath(3)/m/n' will be
(Font)              scaled to size 4.99947pt on input line 375.
LaTeX Font Info:    Font shape `TU/Cambria(0)/m/n' will be
(Font)              scaled to size 6.0pt on input line 375.
[1


]
LaTeX Font Info:    Font shape `TU/Cambria(0)/m/n' will be
(Font)              scaled to size 24.88pt on input line 378.
LaTeX Font Info:    Font shape `TU/Cambria(0)/b/n' will be
(Font)              scaled to size 24.88pt on input line 378.
(./MBP-ALC.toc
LaTeX Info: Redefining \. on input line 1.
LaTeX Info: Redefining \% on input line 1.
LaTeX Font Info:    Font shape `TU/Calibri(0)/m/n' will be
(Font)              scaled to size 10.05249pt on input line 2.
LaTeX Font Info:    Font shape `TU/Calibri(0)/b/n' will be
(Font)              scaled to size 9.95834pt on input line 2.
LaTeX Font Info:    Font shape `TU/Cambria(0)/b/n' will be
(Font)              scaled to size 10.0pt on input line 2.
LaTeX Font Info:    Font shape `TU/CambriaMath(1)/m/n' will be
(Font)              scaled to size 7.3pt on input line 2.
LaTeX Font Info:    Font shape `TU/CambriaMath(2)/m/n' will be
(Font)              scaled to size 10.00092pt on input line 2.
LaTeX Font Info:    Font shape `TU/CambriaMath(2)/m/n' will be
(Font)              scaled to size 7.30066pt on input line 2.
LaTeX Font Info:    Font shape `TU/CambriaMath(3)/m/n' will be
(Font)              scaled to size 9.99893pt on input line 2.
LaTeX Font Info:    Font shape `TU/CambriaMath(3)/m/n' will be
(Font)              scaled to size 7.29921pt on input line 2.
LaTeX Font Info:    Font shape `TU/Calibri(0)/m/n' will be
(Font)              scaled to size 9.04724pt on input line 6.
[2])
\tf@toc=\write5
\openout5 = `MBP-ALC.toc'.

(./MBP-ALC.lof
LaTeX Info: Redefining \. on input line 1.
LaTeX Info: Redefining \% on input line 1.
)
\tf@lof=\write6
\openout6 = `MBP-ALC.lof'.

(./MBP-ALC.lot
LaTeX Info: Redefining \. on input line 1.
LaTeX Info: Redefining \% on input line 1.
)
\tf@lot=\write7
\openout7 = `MBP-ALC.lot'.

[3]
LaTeX Info: Redefining \. on input line 382.
LaTeX Info: Redefining \% on input line 382.
Package babel Info: 'spanish' activates 'spanish' shorthands.
(babel)             Reported on input line 382.
[4

]
LaTeX Font Info:    Font shape `TU/Calibri(0)/m/n' will be
(Font)              scaled to size 17.3707pt on input line 382.
LaTeX Font Info:    Font shape `TU/Calibri(0)/b/n' will be
(Font)              scaled to size 17.20801pt on input line 382.
LaTeX Font Info:    Font shape `TU/Consolas(0)/m/n' will be
(Font)              scaled to size 9.49997pt on input line 405.
LaTeX Font Info:    Font shape `TU/Consolas(0)/m/it' will be
(Font)              scaled to size 9.49997pt on input line 406.
LaTeX Font Info:    Font shape `TU/Consolas(0)/b/n' will be
(Font)              scaled to size 9.49997pt on input line 407.
[5]
LaTeX Info: Redefining \. on input line 417.
LaTeX Info: Redefining \% on input line 417.
[6

] [7]
LaTeX Info: Redefining \. on input line 432.
LaTeX Info: Redefining \% on input line 432.
[8

]
Capítulo 1.
LaTeX Font Info:    Font shape `TU/Calibri(0)/m/n' will be
(Font)              scaled to size 14.47557pt on input line 434.
LaTeX Font Info:    Font shape `TU/Calibri(0)/b/n' will be
(Font)              scaled to size 14.34pt on input line 434.
[9]
LaTeX Font Info:    Font shape `TU/Calibri(0)/m/n' will be
(Font)              scaled to size 12.06299pt on input line 452.
LaTeX Font Info:    Font shape `TU/Calibri(0)/b/n' will be
(Font)              scaled to size 11.95001pt on input line 452.
LaTeX Info: Redefining \. on input line 471.
LaTeX Info: Redefining \% on input line 471.
[10]
LaTeX Info: Redefining \. on input line 493.
LaTeX Info: Redefining \% on input line 493.
[11]
LaTeX Info: Redefining \. on input line 516.
LaTeX Info: Redefining \% on input line 516.
[12]
LaTeX Info: Redefining \. on input line 548.
LaTeX Info: Redefining \% on input line 548.
[13]
LaTeX Info: Redefining \. on input line 576.
LaTeX Info: Redefining \% on input line 576.
[14]
LaTeX Font Info:    Font shape `TU/Cambria(0)/m/n' will be
(Font)              scaled to size 7.3pt on input line 595.
LaTeX Info: Redefining \. on input line 610.
LaTeX Info: Redefining \% on input line 610.
[15]
LaTeX Info: Redefining \. on input line 642.
LaTeX Info: Redefining \% on input line 642.
[16]
LaTeX Info: Redefining \. on input line 669.
LaTeX Info: Redefining \% on input line 669.
[17]
LaTeX Info: Redefining \. on input line 691.
LaTeX Info: Redefining \% on input line 691.
[18]
LaTeX Info: Redefining \. on input line 696.
LaTeX Info: Redefining \% on input line 696.
[19]
LaTeX Info: Redefining \. on input line 696.
LaTeX Info: Redefining \% on input line 696.
[20

]
Capítulo 2.
LaTeX Font Info:    Font shape `TU/Cambria(1)/m/n' will be
(Font)              scaled to size 10.0pt on input line 725.
LaTeX Font Info:    Font shape `TU/Cambria(1)/m/n' will be
(Font)              scaled to size 7.3pt on input line 725.
LaTeX Font Info:    Font shape `TU/Cambria(1)/m/n' will be
(Font)              scaled to size 6.0pt on input line 725.
LaTeX Font Info:    Font shape `TU/Cambria(1)/b/n' will be
(Font)              scaled to size 9.637pt on input line 725.
LaTeX Font Info:    Font shape `TU/Cambria(1)/b/n' will be
(Font)              scaled to size 7.035pt on input line 725.
LaTeX Font Info:    Font shape `TU/Cambria(1)/b/n' will be
(Font)              scaled to size 5.7822pt on input line 725.

LaTeX Font Warning: Font shape `TU/CambriaMath(1)/b/n' undefined
(Font)              using `TU/CambriaMath(1)/m/n' instead on input line 725.

LaTeX Font Info:    Font shape `TU/CambriaMath(1)/b/n' will be
(Font)              scaled to size 7.3pt on input line 725.
LaTeX Font Info:    Font shape `TU/CambriaMath(1)/b/n' will be
(Font)              scaled to size 6.0pt on input line 725.

LaTeX Font Warning: Font shape `TU/CambriaMath(2)/b/n' undefined
(Font)              using `TU/CambriaMath(2)/m/n' instead on input line 725.

LaTeX Font Info:    Font shape `TU/CambriaMath(2)/b/n' will be
(Font)              scaled to size 7.30066pt on input line 725.
LaTeX Font Info:    Font shape `TU/CambriaMath(2)/b/n' will be
(Font)              scaled to size 6.00055pt on input line 725.

LaTeX Font Warning: Font shape `TU/CambriaMath(3)/b/n' undefined
(Font)              using `TU/CambriaMath(3)/m/n' instead on input line 725.

LaTeX Font Info:    Font shape `TU/CambriaMath(3)/b/n' will be
(Font)              scaled to size 7.29921pt on input line 725.
LaTeX Font Info:    Font shape `TU/CambriaMath(3)/b/n' will be
(Font)              scaled to size 5.99936pt on input line 725.
[21]
LaTeX Font Info:    Font shape `TU/CambriaMath(1)/b/n' will be
(Font)              scaled to size 10.0pt on input line 728.
LaTeX Font Info:    Font shape `TU/CambriaMath(2)/b/n' will be
(Font)              scaled to size 10.00092pt on input line 728.
LaTeX Font Info:    Font shape `TU/CambriaMath(3)/b/n' will be
(Font)              scaled to size 9.99893pt on input line 728.
LaTeX Info: Redefining \. on input line 763.
LaTeX Info: Redefining \% on input line 763.
[22]
LaTeX Info: Redefining \. on input line 788.
LaTeX Info: Redefining \% on input line 788.
[23]
LaTeX Font Info:    Font shape `TU/Cambria(0)/m/it' will be
(Font)              scaled to size 10.0pt on input line 804.
LaTeX Info: Redefining \. on input line 821.
LaTeX Info: Redefining \% on input line 821.
[24]
LaTeX Info: Redefining \. on input line 845.
LaTeX Info: Redefining \% on input line 845.
[25]
LaTeX Info: Redefining \. on input line 871.
LaTeX Info: Redefining \% on input line 871.
[26]
LaTeX Info: Redefining \. on input line 899.
LaTeX Info: Redefining \% on input line 899.
[27]
LaTeX Info: Redefining \. on input line 924.
LaTeX Info: Redefining \% on input line 924.
[28]
LaTeX Info: Redefining \. on input line 947.
LaTeX Info: Redefining \% on input line 947.
[29]
LaTeX Info: Redefining \. on input line 956.
LaTeX Info: Redefining \% on input line 956.
[30]
Capítulo 3.
[31

]
LaTeX Info: Redefining \. on input line 968.
LaTeX Info: Redefining \% on input line 968.
[32

]
Capítulo 4.
[33]
LaTeX Info: Redefining \. on input line 1020.
LaTeX Info: Redefining \% on input line 1020.
[34]
LaTeX Info: Redefining \. on input line 1052.
LaTeX Info: Redefining \% on input line 1052.
[35]
LaTeX Info: Redefining \. on input line 1083.
LaTeX Info: Redefining \% on input line 1083.
[36]
LaTeX Info: Redefining \. on input line 1119.
LaTeX Info: Redefining \% on input line 1119.
[37]
LaTeX Info: Redefining \. on input line 1157.
LaTeX Info: Redefining \% on input line 1157.
[38]
LaTeX Info: Redefining \. on input line 1207.
LaTeX Info: Redefining \% on input line 1207.
[39]
LaTeX Info: Redefining \. on input line 1234.
LaTeX Info: Redefining \% on input line 1234.
[40]
LaTeX Info: Redefining \. on input line 1281.
LaTeX Info: Redefining \% on input line 1281.
[41]
No file MBP-ALC.bbl.
LaTeX Info: Redefining \. on input line 1289.
LaTeX Info: Redefining \% on input line 1289.
[42] (./MBP-ALC.aux
LaTeX Info: Redefining \. on input line 11.
LaTeX Info: Redefining \% on input line 11.
)
 ***********
LaTeX2e <2025-11-01>
L3 programming layer <2026-04-28>
 ***********

LaTeX Font Warning: Some font shapes were not available, defaults substituted.

 ) 
Here is how much of TeX's memory you used:
 42515 strings out of 469993
 870263 string characters out of 5472795
 1505808 words of memory out of 5000000
 70609 multiletter control sequences out of 15000+600000
 636584 words of font info for 143 fonts, out of 8000000 for 9000
 14 hyphenation exceptions out of 8191
 98i,13n,117p,802b,783s stack positions out of 10000i,1000n,20000p,200000b,200000s

Output written on MBP-ALC.pdf (42 pages).
